product_title,product_variant_title,quantity_sold
" Custom listing for Rachael Frizell",Default Title,0
"""OOPS"" Collection",Glitter Pumpkins Big Bow CLIP,0
"""OOPS"" Collection",Pumpkin Corn Big Bow CLIP,0
"""OOPS"" Collection",Spooky Pumpkins Big Bow CLIP,0
"""YOU'RE A MEAN ONE""",LITTLE BOW,0
"""YOU'RE A MEAN ONE""",BIG BOW,0
"""YOU'RE A MEAN ONE""",PIGGIE SET (2 MINI BOWS),0
$5 CHRISTMAS TOPKNOTS,BUFFALO SANTA / Baby,1
$5 CHRISTMAS TOPKNOTS,BUFFALO & LEOPARD TREES / Kid/Adult,1
$5 CHRISTMAS TOPKNOTS,Christmas Sweater / Kid/Adult,2
$5 CHRISTMAS TOPKNOTS,CHRISTMAS THINGS / TODDLER,0
$5 CHRISTMAS TOPKNOTS,Christmas Sweater / Baby,1
$5 CHRISTMAS TOPKNOTS,Holly Print / Toddler,2
$5 CHRISTMAS TOPKNOTS,Snowman / Baby,1
$5 CHRISTMAS TOPKNOTS,WHITE CHRISTMAS TREES / BABY,2
$5 CHRISTMAS TOPKNOTS,Polar Bear / Toddler,2
$5 CHRISTMAS TOPKNOTS,BUFFALO SANTA / Toddler,2
$5 CHRISTMAS TOPKNOTS,BUFFALO & LEOPARD TREES / Toddler,0
$5 CHRISTMAS TOPKNOTS,BUFFALO SANTA / Kid/Adult,1
$5 CHRISTMAS TOPKNOTS,WHITE CHRISTMAS TREES / TODDLER,0
$5 CHRISTMAS TOPKNOTS,ELF / Baby,1
$5 CHRISTMAS TOPKNOTS,Christmas Sweater / Toddler,1
$5 CHRISTMAS TOPKNOTS,CHRISTMAS THINGS / KID/ADULT,2
$5 CHRISTMAS TOPKNOTS,ALL I WANT / TODDLER,2
$5 CHRISTMAS TOPKNOTS,ELF / Kid/Adult,1
$5 CHRISTMAS TOPKNOTS,Holly Print / Baby,1
$5 CHRISTMAS TOPKNOTS,HOHOHO / TODDLER,2
$5 CHRISTMAS TOPKNOTS,ELF / Toddler,2
$5 CHRISTMAS TOPKNOTS,Polar Bear / Kid/Adult,0
$5 CHRISTMAS TOPKNOTS,BUFFALO & LEOPARD TREES / Baby,1
$5 CHRISTMAS TOPKNOTS,ALL I WANT / KID/ADULT,0
$5 CHRISTMAS TOPKNOTS,ALL I WANT / BABY,0
$5 CHRISTMAS TOPKNOTS,HOHOHO / BABY,2
$5 CHRISTMAS TOPKNOTS,HOHOHO / KID/ADULT,2
$5 CHRISTMAS TOPKNOTS,Holly Print / Kid/Adult,2
$5 CHRISTMAS TOPKNOTS,Polar Bear / Baby,1
$5 CHRISTMAS TOPKNOTS,WHITE CHRISTMAS TREES / KID/ADULT,1
$5 CHRISTMAS TOPKNOTS,Snowman / Toddler,1
7 AUTUMN SPARKLE BUNDLE,Topknot BUNDLE / Kid/Adult,0
7 AUTUMN SPARKLE BUNDLE,Topknot BUNDLE / Baby,0
7 AUTUMN SPARKLE BUNDLE,Headwrap BUNDLE / Baby,0
7 AUTUMN SPARKLE BUNDLE,Topknot BUNDLE / Toddler,0
7 Miss Mouse BUNDLE,Topknot BUNDLE / Toddler,0
7 Miss Mouse BUNDLE,Headwrap BUNDLE / Toddler,0
70’s Stripes ,Mini Bow,0
70’s Stripes ,Big Bow,0
70’s Stripes ,Piggie Set (2 Mini Bows),0
70’s Stripes ,Little Bow,0
ACID CHIEFS,Piggie Set (2 MINI BOWS),1
ACID CHIEFS,Mini Bow,0
ACID CHIEFS,Big Bow,1
ACID CHIEFS,Topknot,1
ACID CHIEFS,Headwrap,0
ACID CHIEFS,Little Bow,4
ACID WASH ELF STRIPES,LITTLE BOW,0
ACID WASH ELF STRIPES,PIGGIE SET (2 MINI BOWS),0
ACID WASH ELF STRIPES,BIG BOW,0
ASHLEE MCGREGOR RUSH,Default Title,0
AUTUMN SUNFLOWERS,LITTLE BOW,0
AUTUMN SUNFLOWERS,BIG BOW,0
Acid Wash Broncos ,Headwrap,0
Acid Wash Broncos ,Topknot,0
Acid Wash Broncos ,Little Bow,0
Acid Wash Vikings ,Little Bow,0
Acid Wash Vikings ,Mini Bow,0
All I want ,Big Bow,0
All I want ,Piggie Set,0
All I want ,Little Bow,0
All I want ,Mini Bow,1
Animal Print Rainbows,Big Bow,6
Animal Print Rainbows,Headwrap,3
Animal Print Rainbows,Little Bow,6
Animal Print Rainbows,Piggie Set (2 mini Bows),1
Anklet Socks,Black / 6-18 months,0
Anklet Socks,Gray / 6-18 months,0
Apple Green,Piggie Set (2 Mini Bows),0
Apple Green,Mini Bow,1
Apricot,Headwrap,1
Apricot,Piggie Set (2 mini Bows),1
Apricot,Big Bow,1
Aqua,Big Bow,1
Aqua Floral,Baby,0
Aqua Floral,Kid/Adult,0
Arcadia,Little Bow,2
Autism Hearts,Little Bow,1
Autism Hearts,Mini Bow,1
Autism Hearts,Piggie Set (2 Mini Bows),1
Autism Hearts,Big Bow,3
Autism Ribbons,Big Bow,1
Autism Ribbons,Little Bow,2
Autumn Bouquet,Little Bow,1
Autumn Bouquet,Big Bow,0
Avocado,Little Bow,1
Avocado,Big Bow,1
Aztec Brush Strokes,Little Bow,0
Aztec Brush Strokes,Big Bow,0
Aztec Pumpkins,Big,0
Aztec Pumpkins,Little,0
BABY ELF,LITTLE BOW,0
BABY ELF,BIG BOW,0
BEE Kind,Little Bow,0
BEE Kind,Big Bow,0
BLACK CHIEFS,Mini Bow,0
BLACK CHIEFS,Topknot,0
BLACK CHIEFS,Little Bow,0
BLACK CHIEFS,Big Bow,0
BLACK CHIEFS,Piggie Set (2 MINI BOWS),0
BLACK CHIEFS,Headwrap,0
BOHO FEATHERS,BIG BOW,1
BOHO FEATHERS,LITTLE BOW,2
BOHO WINTER FLORALS,BIG BOW,0
BOHO WINTER FLORALS,LITTLE BOW,0
BOHO WINTER FLORALS,PIGGIE SET (2 MINI BOWS),0
BOW PRINTS,PUMPKIN PIE / LITTLE BOW,0
BOW PRINTS,PUMPKIN PIE / BIG BOW,0
BOW PRINTS,VINTAGE TURKEY / BIG BOW,0
BOW PRINTS,BOHO FALL FLORAL / LITTLE BOW,0
BREAST CANCER AWARENESS COLLECTION ,Watercolor Ribbons / Little Bow,0
BREAST CANCER AWARENESS COLLECTION ,Watercolor Ribbons / Big Bow,0
BREAST CANCER AWARENESS COLLECTION ,“Save the Boobies” / Big Bow,0
BREAST CANCER AWARENESS COLLECTION ,Cheetah Ribbons / Little Bow,0
BREAST CANCER AWARENESS COLLECTION ,Variety of Pink Ribbons / Big Bow,0
BREAST CANCER AWARENESS COLLECTION ,Variety of Pink Ribbons / Little Bow,1
BREAST CANCER AWARENESS COLLECTION ,“Save the Boobies” / Little Bow,1
BREAST CANCER AWARENESS COLLECTION ,Watercolor Ribbons / Mini Bow,0
BREAST CANCER AWARENESS COLLECTION ,Variety of Pink Ribbons / Mini Bow,0
BREAST CANCER AWARENESS COLLECTION ,Cheetah Ribbons / Piggie Set (2 Mini Bows),0
BREAST CANCER AWARENESS COLLECTION ,Cheetah Ribbons / Big Bow,0
BRIGHT CHRISTMAS PLAID,PIGGIE SET (2 MINI BOWS),0
BRIGHT CHRISTMAS PLAID,LITTLE BOW,0
BRIGHT CHRISTMAS PLAID,BIG BOW,0
BRIGHT FLORAL,BIG BOW,0
BRIGHT FLORAL,LITTLE BOW,0
BRIGHT SUNFLOWERS,BIG BOW,0
BRIGHT SUNFLOWERS,LITTLE BOW,0
BUFFALO PLAID ANIMALS,LITTLE BOW,0
BUFFALO PLAID ANIMALS,BIG BOW,0
BUFFALO PLAID BRUSH STROKES,PIGGIE SET (2 MINI BOWS),0
BUFFALO PLAID BRUSH STROKES,BIG BOW,0
BUFFALO PLAID BRUSH STROKES,LITTLE BOW,0
BUNDLE HOCUS POCUS,"Can’t Sit With Us KID/TODDLER BIG BOW BUNDLE / Grey Shirt, White Shirt",0
BURGUNDY FLORAL,LITTLE BOW,0
BURGUNDY FLORAL,BIG BOW,0
BURLAP BUFFALO PLAID,LITTLE BOW,0
BURLAP BUFFALO PLAID,PIGGIE SET (2 MINI BOWS),0
BURLAP BUFFALO PLAID,BIG BOW,0
BURLAP CHRISTMAS WORDS,PIGGIE SET (2 MINI BOWS),0
BURLAP CHRISTMAS WORDS,LITTLE BOW,0
BURLAP CHRISTMAS WORDS,BIG BOW,0
Baby Pink,Little Bow,2
Baby Pink,Piggie Set (2 Mini Bows),3
Baby Pink,Mini Bow,2
Back2School,Letters Little Bow,0
Back2School,Crayon Little Bow,0
Back2School,Crayon Big Bow,0
Back2School,Letters Big Bow,0
Baseball Leopard,Big Bow / Black Nylon,0
Baseball Leopard,Big Bow / Nude Nylon,0
Baseball Leopard,Big Bow / Clip,0
Baseball Leopard,Little Bow / Black Nylon,0
Baseball Leopard,Little Bow / Nude Nylon,0
Baseball Leopard,Little Bow / Clip,0
Baseball Leopard,Mini Bow / Clip,0
Basic,Big,0
Basic,Little,0
Basic Witch,Little,0
Basketballs,Little Bow,3
Basketballs,Big Bow,5
Batman Mask,Little Bow,1
Batman Mask,Big Bow,1
Be Kind,Mini,0
Be Kind,Little,0
Be Kind,Big,0
Bear Cub,Little,0
Bear Cub,Big,0
Beat em' Hawks,Piggie Set (2 Mini Bows),0
Beat em' Hawks,Topknot,1
Beat em' Hawks,Little Bow,0
Beat em' Hawks,Mini Bow,0
Beat em' Hawks,Headwrap,1
Beat em' Hawks,Big Bow,0
Bedazzled MM,Big Bow,0
Bee Bumble & Bee Kind,Big Bow,1
Bee Kind Words,Little Bow,2
Bee Kind Words,Big Bow,4
Bee Kind Words,Piggie Set (2 Mini Bows),2
Beetle Juice Pumpkins,Big,0
Big Bow Mystery Grab Bag,Nude Nylon,1
Big Bow Mystery Grab Bag,Black Nylon,0
Big Bow Mystery Grab Bag,Clip,1
Black,Big Bow,9
Black,Little Bow,7
Black,Piggie Set (2 Mini Bows),1
Black & Pink Leopard,Little Bow,2
Black & Pink Leopard,Piggie Set (2 Mini Bows),1
Black & White Buffalo Plaid ,Little Bow,0
Black & White Buffalo Plaid ,Piggie Set (2 Mini Bows),0
Black & White Buffalo Plaid ,Big Bow,0
Black & White Fall Flannel,Big Bow,1
Black & White Fall Flannel,Little Bow,2
Black & White Fall Flannel,Headwrap,5
Black Aztec,Big Bow,0
Black Aztec,Little,0
Black Aztec,Big,0
Black Bear,Little Bow,2
Black Bear,Headwrap,1
Black Flannel ,Big Bow,1
Black Flannel ,Little Bow,0
Black Neon Leopard,Little Bow / Clip,0
Black Neon Leopard,Big Bow / Nude Nylon,0
Black Neon Leopard,Big Bow / Black Nylon,0
Black Neon Leopard,Little Bow / Black Nylon,0
Black Neon Leopard,Little Bow / Nude Nylon,0
Black Neon Leopard,Mini Bow / Clip,0
Black Neon Leopard,Big Bow / Clip,0
Black Plaid,Mini Bow,0
Black Plaid,Piggie Set (2 Mini Bows),0
Black Plaid,Big Bow,0
Black Plaid,Little Bow,0
Black Plaid,Headwrap,0
Black Pleather,Headwrap,3
Black Pleather,Little Bow,4
Black Pleather,Mini Bow,1
Black Pleather,Piggie Set (2 mini Bows),3
Black Pleather,Big Bow,3
Black Pleather ,Little Bow,0
Black Pleather ,Big Bow,0
Black Sunflower,Mini Bow,0
Black Sunflower,Little Bow,0
Black Sunflower,Piggie Set (2 Mini Bows),0
Black Sunflower,Headwrap,0
Black Sunflower,Big Bow,0
Black Tribal Arrow,Little Bow,6
Black Tribal Arrow,Mini Bow,1
Black Tribal Arrow,Headwrap,4
Black Tribal Arrow,Piggie Set (2 mini Bows),3
Black Tribal Arrow,Big Bow,2
Blue Brush Strokes,Big,0
Blue Brush Strokes,Little,0
Blue Butterfly ,Big Bow / Nude Nylon,0
Blue Butterfly ,Mini Bow / Nude Nylon,0
Blue Butterfly ,Little Bow / Black Nylon,0
Blue Butterfly ,Little Bow / Nude Nylon,0
Blue Butterfly ,Mini Bow / Black Nylon,0
Blue Butterfly ,Little Bow / Clip,0
Blue Butterfly ,Mini Bow / Clip,0
Blue Butterfly ,Big Bow / Clip,0
Blue Gray,Little Bow,5
Blue Gray,Big Bow,1
Blue Leopard Aztec,Little Bow / Nude Nylon,0
Blue Leopard Aztec,Big Bow / Nude Nylon,0
Blue Leopard Aztec,Big Bow / Clip,0
Blue Paisley,Little,0
Blue Paisley,Big,0
Blue Stone,Little Bow / Nude Nylon,0
Blue Stone,Big Bow / Nude Nylon,0
Blue Sunflower Leopard ,Little Bow / Clip,0
Blue Sunflower Leopard ,Big Bow / Nude Nylon,0
Blue Watercolor,Little Bow,0
Blue Watercolor,Mini Bow,0
Blue Watercolor,Big Bow,0
Blush Pink,Headwrap,2
Blush Pink,Little Bow,1
BoHo Arrow,Mini,0
BoHo Arrow,Big,0
BoHo Arrow,Little,0
Boho Bundle,Big Bow BUNDLE,0
Boho Bundle,Piggie Set BUNDLE,0
Boho Floral Skull Head,Headwrap,4
Boho Floral Skull Head,Big Bow,1
Bow-Tie Listing,Default Title,1
Brown Cow,Little Bow,0
Brown Leopard,Mini,0
Brown Leopard,Big,0
Brown Leopard,Little,0
Buddy,Piggie Set (2 Mini Bows),1
Buddy,Little Bow,1
Buddy,Mini Bow,1
Buddy,Big Bow,0
Buffalo Christmas Stripes,Little Bow,0
Buffalo Christmas Stripes,Big Bow,0
Buffalo Leopard Plaid ,Big Bow,0
Buffalo Leopard Plaid ,Piggie Set (2 Mini Bows),0
Buffalo Leopard Plaid ,Little Bow,0
Buffalo Plaid Topknot ,Baby,0
Buffalo Plaid Topknot ,Kid,0
Buffalo Plaid Topknot ,Toddler,0
Buffalo Plaid Turkeys,Little Bow,0
Buffalo Plaid Turkeys,Big Bow,0
Bumble Bee,Big,1
Bumble Bee,Piggies (2 Mini Bows),0
Bumble Bee,Little,2
Burgundy ,Headwrap,1
Burgundy ,Piggie Set (2 Mini Bows),1
Burgundy ,Big Bow,1
Burgundy ,Little Bow,1
Burgundy Pleather,Piggie Set (2 mini Bows),2
Burgundy Pleather,Big Bow,2
Burgundy Pleather,Headwrap,1
Burgundy Pleather,Mini Bow,1
Burgundy Winter Floral,Headwrap,2
Burgundy Winter Floral,Little Bow,6
Burgundy Winter Floral,Big Bow,3
Burnt Floral,Little,0
Burnt Floral,Big,0
Burnt Orange Plaid,Big Bow,0
Burnt Orange Plaid,Little Bow,0
Burnt Orange Plaid,Piggie Set,0
Butter Yellow,Mini Bow,1
CACTUS CHRISTMAS,PIGGIE SET (2 MINI BOWS),0
CACTUS CHRISTMAS,BIG BOW,0
CACTUS CHRISTMAS,LITTLE BOW,0
CAMO topknot,Toddler,0
CAMO topknot,Kid/Mommy,0
CAMO topknot,Baby,0
CANDY CANES,PIGGIE SET (2 MINI BOWS),0
CANDY CANES,LITTLE BOW,0
CANDY CANES,BIG BOW,0
CHARLIE BROWN CHRISTMAS,PIGGIE SET (2 MINI BOWS),0
CHARLIE BROWN CHRISTMAS,BIG BOW,0
CHARLIE BROWN CHRISTMAS,LITTLE BOW,0
CHEETAH PRINT,Little,0
CHEETAH PRINT,Headwrap,1
CHEETAH PRINT,Big,0
CHIEFS BRUSH STROKES,Mini Bow,0
CHIEFS BRUSH STROKES,Little Bow,1
CHIEFS BRUSH STROKES,Topknot,0
CHIEFS BRUSH STROKES,Big Bow,1
CHIEFS BRUSH STROKES,Heapwrap,1
CHIEFS BRUSH STROKES,Piggie Set (2 Mini Bows),0
CHRISTMAS EMERALD SPARKLE,BIG BOW,0
CHRISTMAS EMERALD SPARKLE,LITTLE BOW,0
CHRISTMAS EMERALD SPARKLE,PIGGIE SET (2 MINI BOWS),0
CHRISTMAS FLORAL,LITTLE BOW,0
CHRISTMAS FLORAL,PIGGIE SET (2 MINI BOWS),0
CHRISTMAS FLORAL,BIG BOW,0
CHRISTMAS GLITTER BRUSH STROKES,LITTLE BOW,0
CHRISTMAS GLITTER BRUSH STROKES,PIGGIE SET (2 MINI BOWS),0
CHRISTMAS GLITTER BRUSH STROKES,BIG BOW,0
CHRISTMAS GLITTER STRIPES,PIGGIE SET (2 MINI BOWS),0
CHRISTMAS GLITTER STRIPES,BIG BOW,0
CHRISTMAS GLITTER STRIPES,LITTLE BOW,0
CHRISTMAS GOLD SPARKLE,PIGGIE SET (2 MINI BOWS),0
CHRISTMAS GOLD SPARKLE,LITTLE BOW,0
CHRISTMAS GOLD SPARKLE,BIG BOW,0
CHRISTMAS LEOPARD BRUSH STOKES,BIG BOW,0
CHRISTMAS LEOPARD BRUSH STOKES,LITTLE BOW,0
CHRISTMAS LEOPARD BRUSH STOKES,PIGGIE SET (2 MINI BOWS),0
CHRISTMAS MOVIES,LITTLE BOW,0
CHRISTMAS MOVIES,BIG BOW,0
CHRISTMAS MYSTERY Big BAG,Nude nylon,3
CHRISTMAS MYSTERY Big BAG,Clip,2
CHRISTMAS MYSTERY Big BAG,Black nylon,2
CHRISTMAS MYSTERY LITTLE BAG,Nude nylon,1
CHRISTMAS MYSTERY LITTLE BAG,Black nylon,0
CHRISTMAS MYSTERY LITTLE BAG,Clip,5
CHRISTMAS MYSTERY MINI BAG,Nude nylon,2
CHRISTMAS MYSTERY PIGGIE SET,Default Title,2
CHRISTMAS PLAID 1,LITTLE BOW,0
CHRISTMAS PLAID 1,BIG BOW,0
CHRISTMAS PLAID 1,PIGGIE SET (2 MINI BOWS),0
CHRISTMAS PLAID 2,LITTLE BOW,0
CHRISTMAS PLAID 2,BIG BOW,0
CHRISTMAS PLAID 4,LITTLE BOW,0
CHRISTMAS PLAID 4,BIG BOW,0
CHRISTMAS PLAID 5,LITTLE BOW,0
CHRISTMAS PLAID TOPKNOT,Baby,0
CHRISTMAS PLAID TOPKNOT,Toddler,0
CHRISTMAS PLAID TOPKNOT,Kid/Adult,0
CHRISTMAS QUILT,LITTLE BOW,0
CHRISTMAS QUILT,BIG BOW,0
CHRISTMAS QUILT,PIGGIE SET (2 MINI BOWS),0
CHRISTMAS RED SPARKLE,PIGGIE SET (2 MINI BOWS),0
CHRISTMAS RED SPARKLE,LITTLE BOW,0
CHRISTMAS RED SPARKLE,BIG BOW,0
CHRISTMAS SOLIDS,BLACK / BIG BOW,0
CHRISTMAS SOLIDS,DEEP RED / LITTLE BOW,0
CHRISTMAS SOLIDS,KELLY / LITTLE BOW,0
CHRISTMAS SOLIDS,SANTA SUIT RED / PIGGIE SET (2 MINI BOWS),0
CHRISTMAS SOLIDS,ICICLE BLUE / BIG BOW,0
CHRISTMAS SOLIDS,BLACK / PIGGIE SET (2 MINI BOWS),0
CHRISTMAS SOLIDS,WHITE / PIGGIE SET (2 MINI BOWS),0
CHRISTMAS SOLIDS,SANTA SUIT RED / BIG BOW,0
CHRISTMAS SOLIDS,KELLY / PIGGIE SET (2 MINI BOWS),0
CHRISTMAS SOLIDS,WHITE / LITTLE BOW,0
CHRISTMAS SOLIDS,HUNTER / BIG BOW,0
CHRISTMAS SOLIDS,HUNTER / PIGGIE SET (2 MINI BOWS),0
CHRISTMAS SOLIDS,KELLY / BIG BOW,0
CHRISTMAS SOLIDS,PINE / BIG BOW,0
CHRISTMAS SOLIDS,HUNTER / LITTLE BOW,0
CHRISTMAS SOLIDS,DEEP RED / BIG BOW,0
CHRISTMAS SOLIDS,ICICLE BLUE / LITTLE BOW,0
CHRISTMAS SOLIDS,DEEP RED / PIGGIE SET (2 MINI BOWS),0
CHRISTMAS SOLIDS,PINE / LITTLE BOW,0
CHRISTMAS SOLIDS,ICICLE BLUE / PIGGIE SET (2 MINI BOWS),0
CHRISTMAS SOLIDS,BLACK / LITTLE BOW,0
CHRISTMAS SOLIDS,SANTA SUIT RED / LITTLE BOW,0
CHRISTMAS SOLIDS,WHITE / BIG BOW,0
CHRISTMAS SPARKLE,LITTLE BOW,0
CHRISTMAS SPARKLE,PIGGIE SET (2 MINI BOWS),0
CHRISTMAS SPARKLE,BIG BOW,0
CHRISTMAS TREE TRUCKS,BIG BOW,0
CHRISTMAS TREE TRUCKS,LITTLE BOW,0
CHRISTMAS WORDS,BIG BOW,0
CHRISTMAS WORDS,LITTLE BOW,0
CLEARANCE ANIMALS,Flamingos / Big Bow,0
CLEARANCE ANIMALS,Butterfly 2 / Little Bow,0
CLEARANCE ANIMALS,Crawfish / Little Bow,0
CLEARANCE ANIMALS,Butterfly 1 / Little Bow,0
CLEARANCE ANIMALS,Crawfish / Big Bow,0
CLEARANCE ANIMALS,Flamingos / Little Bow,0
CLEARANCE ANIMALS,Butterfly 1 / Big Bow,0
CLEARANCE Audrey Floral,Big Bow / Clip,0
CLEARANCE Audrey Floral,Little Bow / Nude Nylon,0
CLEARANCE Audrey Floral,Little Bow / Black Nylon,0
CLEARANCE Audrey Floral,Big Bow / Nude Nylon,0
CLEARANCE Audrey Floral,Little Bow / Clip,0
CLEARANCE Audrey Floral,Big Bow / Black Nylon,0
CLEARANCE BE KIND 2.0 (different shades of hearts than the original Be Kind),Be Kind 2.0 / Big Bow,0
CLEARANCE BE KIND 2.0 (different shades of hearts than the original Be Kind),Be Kind 2.0 / Little Bow,0
CLEARANCE FLORAL 2,Floral 6 / Little Bow,0
CLEARANCE FLORAL 2,Floral 5 / Big Bow,0
CLEARANCE FLORAL 2,Floral 8 / Big Bow,0
CLEARANCE FLORAL 2,Floral 8 / Little Bow,0
CLEARANCE FLORAL 2,Floral 5 / Little Bow,0
CLEARANCE FLORAL 2,Floral 7 / Little Bow,0
CLEARANCE FLORAL 2,Floral 7 / Big Bow,0
CLEARANCE FLORAL 3,Floral 12 / Little Bow,0
CLEARANCE FLORAL 3,Floral 10 / Little Bow,0
CLEARANCE FLORAL 3,Floral 12 / Big Bow,0
CLEARANCE FLORAL 3,Floral 10 / Big Bow,0
CLEARANCE FLORAL 3,Floral 13 / Little Bow,0
CLEARANCE FLORAL 3,Floral 9 / Little Bow,0
CLEARANCE FLORAL 3,Floral 11 / Little Bow,0
CLEARANCE FLORAL 4,Floral 18 / Little Bow,0
CLEARANCE FLORAL 4,Floral 18 / Big Bow,0
CLEARANCE FLORAL 4,Floral 14 / Big Bow,0
CLEARANCE FLORAL 4,Floral 16 / Big Bow,0
CLEARANCE FLORAL 4,Floral 19 / Little Bow,0
CLEARANCE FLORAL 4,Floral 17 / Little Bow,0
CLEARANCE FLORAL 4,Floral 15 / Little Bow,0
CLEARANCE FLORAL 4,Floral 14 / Little Bow,0
CLEARANCE FLORAL 5,Floral 20 / Big Bow,0
CLEARANCE FLORAL 5,Floral 21 / Big Bow,0
CLEARANCE FLORAL 5,Floral 21 / Little Bow,0
CLEARANCE FLORAL 5,Floral 22 / Big Bow,0
CLEARANCE FLORAL 5,Floral 22 / Little Bow,0
CLEARANCE FLORAL 5,Floral 20 / Little Bow,0
CLEARANCE FLORAL 6,Floral 27 / Big Bow,0
CLEARANCE FLORAL 6,Floral 24 / Little Bow,0
CLEARANCE FLORAL 6,Floral 30 / Big Bow,0
CLEARANCE FLORAL 6,Floral 29 / Little Bow,0
CLEARANCE FLORAL 6,Floral 26 / Little Bow,0
CLEARANCE FLORAL 6,Floral 30 / Little Bow,0
CLEARANCE FLORAL 6,Floral 24 / Big Bow,0
CLEARANCE FLORAL 6,Floral 28 / Big Bow,0
CLEARANCE FLORAL 6,Floral 29 / Big Bow,0
CLEARANCE FLORALS,Floral 2 / Little Bow,0
CLEARANCE FLORALS,Floral 3 / Little Bow,0
CLEARANCE FLORALS,Floral 3 / Big Bow,0
CLEARANCE FLORALS,Floral 1 / Little Bow,0
CLEARANCE FLORALS,Floral 4 / Little Bow,0
CLEARANCE FLORALS,Floral 2 / Big Bow,0
CLEARANCE FRUIT,Lemon / Big Bow,0
CLEARANCE FRUIT,Citrus / Little Bow,0
CLEARANCE FRUIT,Lemon / Little Bow,0
CLEARANCE FRUIT,Pineapple / Little Bow,0
CLEARANCE FRUIT,Cherries / Little Bow,0
CLEARANCE FRUIT,Pineapple / Big Bow,0
CLEARANCE FRUIT,Watermelon / Big Bow,0
CLEARANCE FRUIT,Watermelon / Little Bow,0
CLEARANCE GINGHAM,Gingham 2 / Little Bow,0
CLEARANCE GINGHAM,Gingham 1 / Big Bow,0
CLEARANCE GINGHAM,Gingham 1 / Little Bow,0
CLEARANCE GINGHAM,Gingham 3 / Big Bow,0
CLEARANCE GINGHAM,Gingham 2 / Big Bow,0
CLEARANCE HIPPIE,Hippie Van / Little,0
CLEARANCE HIPPIE,Hippie Slouth / Little,0
CLEARANCE HIPPIE,Dream Catcher / Little,0
CLEARANCE HIPPIE,Tie-Dye Peace Signs / Little,0
CLEARANCE HIPPIE,Tie-Dye Peace Signs / Big,0
CLEARANCE PAISLEY ,Paisley 4 / Little Bow,0
CLEARANCE PAISLEY ,Paisley 2 / Big Bow,0
CLEARANCE PAISLEY ,Paisley 1 / Big Bow,0
CLEARANCE PRINTS,Strokes / Little,0
CLEARANCE PRINTS,Zig Zag / Big,0
CLEARANCE PRINTS,Zig Zag / Little,0
CLEARANCE PRINTS 2,Hippie Tie-Dye / Big Bow,0
CLEARANCE PRINTS 2,Hippie Tie-Dye / Little Bow,0
CLEARANCE PRINTS 2,Aztec / Big Bow,0
CLEARANCE PRINTS 2,Aztec / Little Bow,0
CLEARANCE SOLIDS,Light purple / Little Bow,0
CLEARANCE SOLIDS,Sweater Charcoal / Little Bow,0
CLEARANCE SOLIDS,Light purple / Big Bow,0
CLEARANCE SOLIDS,Sweater Charcoal / Big Bow,0
CLEARANCE STRIPES,Maroon Stripes / Little Bow,0
CLEARANCE STRIPES,Peach Stripes / Big Bow,0
CLEARANCE STRIPES,Peach Stripes / Little Bow,0
CLEARANCE STRIPES,Coral Stripes / Little Bow,0
CLEARANCE STRIPES,Lt. Pink Stripes / Big Bow,0
CLEARANCE STRIPES,Royal Stripes / Little Bow,0
CLEARANCE STRIPES,Royal Stripes / Big Bow,0
CLEARANCE STRIPES,Maroon Stripes / Big Bow,0
CLEARANCE STRIPES,Lt. Pink Stripes / Little Bow,0
CLEARANCE STRIPES,Black Stripes / Big Bow,0
CLEARANCE STRIPES,Coral Stripes / Big Bow,0
CLEARANCE STRIPES,Black Stripes / Little Bow,0
CLEARANCE TIE-DYE COLLECTION ,Tie-Dye 8 / Big Bow,0
CLEARANCE TIE-DYE COLLECTION ,Tie-Dye 10 / Little Bow,0
CLEARANCE TIE-DYE COLLECTION ,Tie-Dye 4 / Little Bow,0
CLEARANCE TIE-DYE COLLECTION ,Tie-Dye 3 / Little Bow,0
CLEARANCE TIE-DYE COLLECTION ,Tie-Dye 5 / Big Bow,0
CLEARANCE TIE-DYE COLLECTION ,Tie-Dye 5 / Little Bow,0
CLEARANCE TIE-DYE COLLECTION ,Tie-Dye 2 / Little Bow,0
CLEARANCE TIE-DYE COLLECTION ,Tie-Dye 1 / Little Bow,0
CLEARANCE TIE-DYE COLLECTION ,Tie-Dye 6 / Little Bow,0
CLEARANCE TIE-DYE COLLECTION ,Tie-Dye 7 / Little Bow,0
CLEARANCE TIE-DYE COLLECTION ,Tie-Dye 10 / Big Bow,0
CLEARANCE TIE-DYE COLLECTION ,Tie-Dye 9 / Big Bow,0
CLEARANCE TIE-DYE COLLECTION ,Tie-Dye 1 / Big Bow,0
CLEARANCE TIE-DYE COLLECTION ,Tie-Dye 2 / Big Bow,0
CLEARANCE TIE-DYE COLLECTION ,Tie-Dye 3 / Big Bow,0
CLEARANCE TIE-DYE COLLECTION ,Tie-Dye 11 / Little Bow,0
CLEARANCE TIE-DYE COLLECTION ,Tie-Dye 6 / Big Bow,0
CLEARANCE TIE-DYE COLLECTION ,Tie-Dye 9 / Little Bow,0
CLEARANCE VELVET'S,Boho Feathers / Big Bow,0
CLEARANCE VELVET'S,Dragonfly / Little Bow,0
CLEARANCE VELVET'S,Dragonfly / Big Bow,0
CLEARANCE VINTAGE FLORAL COLLECTION,Vintage Floral (BOTTOM BOW) / Nude Nylon,0
CLEARANCE VINTAGE FLORAL COLLECTION,Vintage Watercolor (TOP BOW) / Black Nylon,0
CLEARANCE VINTAGE FLORAL COLLECTION,Vintage Floral (BOTTOM BOW) / Clip,0
CLEARANCE VINTAGE FLORAL COLLECTION,Vintage Watercolor (TOP BOW) / Clip,0
CLEARANCE VINTAGE FLORAL COLLECTION,Vintage Floral (BOTTOM BOW) / Black Nylon,0
CLEARANCE VINTAGE FLORAL COLLECTION,Vintage Watercolor (TOP BOW) / Nude Nylon,0
CLEARANCE- BIRTHDAY CONFETTI,Little Bow / Black nylon,0
CLEARANCE- BIRTHDAY CONFETTI,Big Bow / Black nylon,0
CLEARANCE- BIRTHDAY CONFETTI,Little Bow / Nude nylon,0
CLEARANCE- BIRTHDAY CONFETTI,Big Bow / Nude nylon,1
CLEARANCE- Blue Cheetah,Big Bow / Nude Nylon,4
CLEARANCE- Blue Cheetah,Little Bow / Nude Nylon,0
CLEARANCE- Blue Danty Dots,Little Bow / Black Nylon,0
CLEARANCE- Blue Danty Dots,Little Bow / Nude Nylon,0
CLEARANCE- Blue Danty Dots,Little Bow / Clip,0
CLEARANCE- Blue Danty Dots,Big Bow / Nude Nylon,0
CLEARANCE- Blue Elephants,Big Bow / Nude Nylon,0
CLEARANCE- Blue Elephants,Little Bow / Nude Nylon,0
CLEARANCE- Celebrate,Big Bow / Nude nylon,0
CLEARANCE- Celebrate,Little Bow / Nude nylon,0
CLEARANCE- Cotton Candy Tie Dye,Big,0
CLEARANCE- Cotton Candy Tie Dye,Little,0
CLEARANCE- Crying Kim K,Little Bow / Clip,0
CLEARANCE- Crying Kim K,Big Bow / Nude Nylon,0
CLEARANCE- Girly Floral,Little,0
CLEARANCE- Girly Floral,Big,0
CLEARANCE- Leopard Hearts,Big / Nude Nylon,0
CLEARANCE- Leopard Hearts,Little / Nude Nylon,0
CLEARANCE- SHADES OF BLUE,Ceil Blue / Big Bow,0
CLEARANCE- SHADES OF BLUE,Royal / Little Bow,0
CLEARANCE- SHADES OF BLUE,Royal / Big Bow,0
CLEARANCE- SHADES OF BLUE,Ceil Blue / Little Bow,0
CLEARANCE- SHADES OF PINK,Heathered Pink / Big Bow,0
CLEARANCE- SHADES OF PINK,Light Pink / Little Bow,0
CLEARANCE- SHADES OF PINK,Light Mauve / Little Bow,0
CLEARANCE- SHADES OF PINK,Light Mauve / Big Bow,0
CLEARANCE- SHADES OF PINK,Light Pink / Big Bow,0
CLEARANCE- SHADES OF PINK,Heathered Pink / Little Bow,0
CLEARANCE- neon solid,Neon Coral / Little Bow,0
CLEARANCE- neon solid,Neon Pink / Little Bow,0
CLEARANCE- neon solid,Neon Pink / Big Bow,0
CLEARANCE- neon solid,Neon Coral / Big Bow,0
CLEARANCE-Aztec Pigs,Big,0
CLEARANCE-Aztec Pigs,Little,0
CLEARANCE-Baseball Stitching Hearts,Big Bow / Nude Nylon,0
CLEARANCE-Baseball Stitching Hearts,Big Bow / Clip,0
CLEARANCE-Baseball Stitching Hearts,Little Bow / Black Nylon,0
CLEARANCE-Baseball Stitching Hearts,Big Bow / Black Nylon,0
CLEARANCE-Baseball Stitching Hearts,Little Bow / Nude Nylon,0
CLEARANCE-Baseball Stitching Hearts,Little Bow / Clip,0
CLEARANCE-Black Leopard Bulls,Little,0
CLEARANCE-Black Leopard Bulls,Big,0
CLEARANCE-Black Leopard Chickens,Big,0
CLEARANCE-Black Leopard Chickens,Little,0
CLEARANCE-Leopard Chickens,Big Bow / Clip,0
CLEARANCE-Leopard Chickens,Little Bow / Nude Nylon,0
CLEARANCE-Light Pink Leopard,Big,0
CLEARANCE-Light Pink Leopard,Little,0
COFFEE CUPS,BIG BOW,0
COFFEE CUPS,LITTLE BOW,0
COFFEE CUPS,PIGGIE SET (2 MINI BOWS),0
COW PRINT,Little Bow,0
COW PRINT,Big Bow,0
COW PRINT,Headwrap,0
COW PRINT,Piggie Set (2 Mini Bows),0
CUSTOM FOR ASHLEE,Default Title,0
CUSTOM FOR DAYHAN,Default Title,1
CUSTOM FOR Jessica McCracken,Default Title,0
CUSTOM FOR KATIE YOUNG,Default Title,0
CUSTOM FOR SARAH Z,Default Title,0
CUSTOM FOR SHELBY SLAYBAUGH ,Default Title,0
CUSTOM LISTING FOR ALEXIS HUMBERT,Default Title,0
CUSTOM LISTING FOR BREANNA KAYLINN,Default Title,0
CUSTOM LISTING FOR CRYSTAL HALL,Default Title,0
CUSTOM LISTING FOR KENDALL DENT,Default Title,0
CUSTOM LISTING FOR SAMANTHA COFFEY,Default Title,0
CUSTOM LISTING FOR TARYN,Default Title,0
CUSTOM LISTING MORGAN CEZAR,Default Title,0
Cable Knit Knee High Socks,Plum / 6 Months-18 Months,0
Cable Knit Knee High Socks,Bright Red / 6 Months-18 Months,0
Cable Knit Knee High Socks,Classic Blue / 6 Months-18 Months,0
Cable Knit Knee High Socks,Bright Olive / 6 Months-18 Months,0
Cable Knit Tights,Olive Green / 1-2 Years,0
Cable Knit Tights,Wine / 1-2 Years,0
Cable Knit Tights,Pumpkin Spice / 1-2 Years,0
Cable Knit Tights,Forrest Green / 1-2 Years,0
Cable Knit Tights,Navy Blue / 6-12 Months,0
Cable Knit Tights,Plum / 6-12 Months,0
Cable Knit Tights,Rust / 6-12 Months,0
Cable Knit Tights,Sugar Almond / 1-2 Years,0
Cable Knit Tights,Teal / 1-2 Years,0
Cable Knit Tights,Navy Blue / 1-2 Years,0
Cable Knit Tights,Gray / 1-2 Years,0
Cable Knit Tights,Pumpkin Spice / 6-12 Months,0
Cable Knit Tights,Teal / 6-12 Months,0
Cable Knit Tights,Plum / 1-2 Years,0
Cactus Floral,Big,0
Cactus Floral,Little,0
Cactus Floral,Mini,0
Camo Sparkle,Little Bow,0
Camo Sparkle,Piggie Set (2 Mini Bows),1
Camo Sparkle,Big Bow,0
Camo print 2 TOPKNOT,Baby,0
Camo print 2 TOPKNOT,Toddler,2
Candy Cane TOPKNOT,Toddler,0
Charcoal ,Piggie Set (2 Mini Bows),0
Charcoal ,Mini Bow,1
Charcoal ,Little Bow,3
Charcoal ,Big Bow,1
Charcoal Pleather,Piggie Set (2 mini Bows),2
Charcoal Pleather,Mini Bow,2
Charcoal Pleather,Little Bow,1
Checkered Brush Stokes,Little Bow,5
Checkered Brush Stokes,Big Bow,2
Cheetah Tongues ,Big Bow,3
Chevron Aztec,Little Bow,1
Chevron Aztec,Big Bow,1
Chiefs Red,Little Bow,2
Chiefs Red,Big Bow,2
Chiefs Red,Mini Bow,0
Chiefs Red,Headwrap,4
Chiefs Red,Piggie Set (2 Mini Bows),1
Chiefs Red,Topknot,0
Chiefs White,Mini Bow,1
Chiefs White,Piggie Set (2 MINI BOWS),1
Chiefs White,Topknot,0
Chiefs White,Big Bow,2
Chiefs White,Little Bow,0
Chiefs White,Headwrap,2
Chocolate,Little Bow,1
Christmas Farm Trucks ,Little Bow,2
Christmas Farm Trucks ,Big Bow,1
Christmas Farm Trucks ,Piggie Set (2 Mini Bows),1
Christmas Gingham Sparkle,Big Bow,0
Christmas Gingham Sparkle,Little Bow,0
Christmas Green Plaid,Big Bow,0
Christmas Green Plaid,Little Bow,0
Christmas Green Plaid,Piggie Set,0
Christmas Lights ,Big Bow,3
Christmas Lights ,Headwrap,1
Christmas Lights ,Little Bow,2
Christmas Lights ,Piggie Set (2 Mini Bows),1
Christmas Lights ,Mini Bow,1
Christmas Mashup ,Little Bow,0
Christmas Mashup ,Big Bow,0
Christmas Truck Plaid,Little Bow,0
Christmas Truck Plaid,Big Bow,0
Christmas Truck Plaid,Piggie Set (2 Mini Bows),0
Chunk Leopard Serape,Mini Bow / Clip,0
Chunk Leopard Serape,Big Bow / Clip,0
Chunk Leopard Serape,Big Bow / Black nylon,0
Chunk Leopard Serape,Big Bow / Nude Nylon,0
Chunk Leopard Serape,Mini Bow / Nude Nylon,0
Chunk Leopard Serape,Little Bow / Clip,0
Chunk Leopard Serape,Little Bow / Nude Nylon,0
Chunk Leopard Serape,Little Bow / Black nylon,0
Chunky Brush Strokes ,Maroon Brush Strokes / Little Bow,1
Chunky Brush Strokes ,Black Brush Strokes / Piggie Set (2 Mini Bows),0
Chunky Brush Strokes ,Black Brush Strokes / Little Bow,1
Chunky Brush Strokes ,Maroon Brush Strokes / Piggie Set (2 Mini Bows),0
Chunky Brush Strokes ,Black Brush Strokes / Mini Bow,1
Chunky Brush Strokes ,Black Brush Strokes / Big Bow,3
Chunky Fall Stripes ,Fall Pinks (RIGHT PRINT) / Piggie Set (2 Mini Bows),0
Chunky Fall Stripes ,Fall Pinks (RIGHT PRINT) / Little Bow,0
Chunky Fall Stripes ,Fall Browns (LEFT PRINT) / Little Bow,0
Chunky Fall Stripes ,Fall Browns (LEFT PRINT) / Big Bow,0
Chunky Fall Stripes ,Fall Pinks (RIGHT PRINT) / Big Bow,0
Chunky Fall Stripes ,Fall Browns (LEFT PRINT) / Piggie Set (2 Mini Bows),0
Coral Aztec TOPKNOT,Toddler,1
Coral Aztec TOPKNOT,Kid/Mommy,0
Coral Gray Leopard,Headwrap,2
Coral Gray Leopard,Little Bow,2
Coral/Navy Floral ,Mini Bow,1
Coral/Navy Floral ,Piggie Set (2 Mini Bows),0
Coral/Navy Floral ,Little Bow,2
Country Floral,Mini,0
Country Floral,Little,0
Country Floral,Big,0
Cow Bow,Big Bow / Nude Nylon,0
Cow Bow,Little Bow / Black Nylon,0
Cow Bow,Little Bow / Clip,0
Cow Bow,Big Bow / Black Nylon,0
Cow Bow,Big Bow / Clip,0
Cow Bow,Little Bow / Nude Nylon,0
Cow Print,Big Bow,4
Cow Print,Piggie Set (2 mini Bows),1
Cow Print,Headwrap,6
Cow Print,Little Bow,3
Cowboy Stars,Little Bow,0
Cowboy Things,Big Bow,2
Cowboy Things,Headwrap,2
Creme Floral,Little,0
Creme Floral,Big,0
Custom For Megan A,Default Title,0
Custom Marisa Walton,Default Title,0
Custom Shelby Young,Default Title,0
Custom for Audri S,Default Title,0
Custom for Candace Rodriguez ,Default Title,0
Custom for Emilee Stepan,Default Title,0
Custom for Emily Grovenburg ,Default Title,0
Custom for Jordan Sawicki,Default Title,0
Custom for Megan Anastasio ,Default Title,1
Custom for Penny,Default Title,0
Custom for Samantha Bugg,Default Title,0
Custom for Sammie Edwards ,Default Title,0
Custom listing for Bailey Goodman,Default Title,0
Custom listing for Destanie Martin,Default Title,0
Custom listing for Jade Hartman ,Default Title,0
Cute Snowman & Raindeer ,Little Bow,1
DEER FLORAL,Little,0
DOODLE INK FLORAL,BIG BOW,0
DOODLE INK FLORAL,LITTLE BOW,0
Daddy’s Deer Antlers ,Little Bow,2
Daddy’s Deer Antlers ,Big Bow,3
Daddy’s Girl,Mini Bow,1
Daddy’s Girl,Big Bow,5
Daddy’s Girl,Little Bow,2
Dainty Lace Big Bow,Dainty Black Lace / Leopard,0
Dainty Lace Big Bow,Dainty Black Lace / White,0
Dainty Lace Little Bow,Dainty Black Lace / Burgundy,0
Dainty Lace Little Bow,Dainty Black Lace / Mauve,0
Dainty Lace Little Bow,Dainty White Lace / Stone,0
Dainty Lace Little Bow,Dainty Black Lace / Rust,0
Dainty Lace Little Bow,Dainty White Lace / Teal,0
Dainty Lace Little Bow,Dainty White Lace / Eggplant,0
Dainty Lace Little Bow,Dainty White Lace / Leopard,0
Dainty Lace Little Bow,Dainty White Lace / Pale Pink,0
Dainty Lace Little Bow,Dainty Black Lace / Black,0
Dainty Lace Little Bow,Dainty White Lace / White,0
Dainty Lace Little Bow,Dainty White Lace / Black,0
Dainty Lace Little Bow,Dainty White Lace / Mustard,0
Dainty Lace Little Bow,Dainty Black Lace / Dark Olive,0
Dainty Lace Little Bow,Dainty Black Lace / White,0
Dainty Lace Little Bow,Dainty Black Lace / Pale Pink,0
Dainty Lace Little Bow,Dainty White Lace / Burgundy,0
Dainty Lace Little Bow,Dainty Black Lace / Leopard,0
Dainty Lace Little Bow,Dainty White Lace / Dark Olive,0
Dainty Lace Little Bow,Dainty White Lace / Mauve,0
Dainty Lace Little Bow,Dainty White Lace / Sage Green,0
Dainty Lace Little Bow,Dainty White Lace / Harvest Orange,0
Dainty Lace Little Bow,Dainty White Lace / Dusty Blue,0
Dainty Lace Little Bow,Dainty White Lace / Navy,0
Dark Marsala ,Little Bow,1
Dark Marsala ,Big Bow,0
Dark Mauve,Little Bow,1
Dark Mauve,Big Bow,1
Dark Mauve,Headwrap,1
Dark Mauve,Piggie Set (2 Mini Bows),1
Dark Ombré Leopard,Headwrap,2
Dark Pink Floral Plaid ,Piggie Set (2 Mini Bows),1
Deep Red,Little Bow,1
Deep Red,Piggie Set (2 Mini Bows),1
Deep Red,Headwrap,1
Deer Antlers Floral,Piggie Set (2 mini bows),0
Deer Antlers Floral,Big Bow,2
Deer Antlers Floral,Little Bow,0
Dino TOPKNOT,Baby,1
Dino TOPKNOT,Toddler,0
Dino TOPKNOT,Kid/Mommy,0
Dinos,Big Bow,1
Dinos,Piggie Set (2 Mini Bows),2
Dirt Bikes ,Big Bow,2
Do No Harm ADULT,Adult Medium,0
Do No Harm ADULT,Adult Large,0
Do No Harm TODDLER/KID,Default Title,0
Donuts,Big Bow,6
Donuts,Little Bow,2
Donuts,Headwrap,2
Doo-Doo-Doo,Little Bow / Nude Nylon,0
Doo-Doo-Doo,Big Bow / Nude Nylon,0
Doo-Doo-Doo,Big Bow / Black Nylon,0
Doo-Doo-Doo,Little Bow / Clip,0
Doo-Doo-Doo,Little Bow / Black Nylon,0
Doo-Doo-Doo,Mini Bow / Clip,0
Doo-Doo-Doo,Big Bow / Clip,0
Dream Catcher ,Little,0
Dream Catcher ,Big,0
Dusty Rose,Little Bow,1
Dusty Rose,Big Bow,2
Dusty Rose Brush Strokes,Little Bow,0
Dusty Rose Brush Strokes,Big Bow,0
ELF STRIPES,PIGGIE SET (2 MINI BOWS),0
ELF STRIPES,BIG BOW,0
ELF STRIPES,LITTLE BOW,0
ELK PRINT,Little,0
ELK PRINT,Big,0
ENCHANTED ,Forbidden Rose / Little Bow,0
ENCHANTED ,Autumn Floral Garden / Little Bow,0
ENCHANTED ,Forbidden Rose / Big Bow,0
ENCHANTED ,Autumn Floral Garden / Big Bow,0
Earth Tone Stripes ,Piggie Set (2 Mini Bows),0
Earth Tone Stripes ,Little Bow,0
Earth Tone Stripes ,Big Bow,0
Eat Local,Big Bow / Clip,0
Eat Local,Little Bow / Nude Nylon,0
Eat Local,Little Bow / Black Nylon,0
Eat Local,Big Bow / Nude Nylon,2
Eat Mor Chikin,Little Bow Clip,0
Eat Mor Chikin,Little Bow Nude Nylon,0
Eat Mor Chikin,Big Bow Nude Nylon,0
Eat Mor Chikin,Little Bow Black Nylon,0
Eat Mor Chikin,Big Bow Black Nylon,0
Eat Mor Chikin,Big Bow Clip,0
Eat Mor Chikin,Mini Bow Clip,0
Eggplant ,Little Bow,5
Eggplant ,Big Bow,2
Eggplant ,Piggie Set (2 Mini Bows),1
Electric Shock,Big Bow / Nude Nylon,0
Electric Shock,Little Bow / Black Nylon,0
Electric Shock,Little Bow / Clip,0
Electric Shock,Big Bow / Clip,0
Electric Shock,Little Bow / Nude Nylon,0
Emerald,Headwrap,1
Emerald,Big Bow,3
Emerald,Little Bow,1
Everything Mystery Grab Bag,Default Title,2
FA LA LA LA ,BIG BOW,0
FA LA LA LA ,LITTLE BOW,0
FAWN PRINT,Little,0
FAWN PRINT,Big,0
FRIENDS,LITTLE BOW,0
FRIENDS,BIG BOW,0
FRIENDS COLLECTION,Spork Man / Little Bow,0
FRIENDS COLLECTION,Fish Friends / Big Bow,0
FRIENDS COLLECTION,Fish Friends / Little Bow,0
FRIENDS COLLECTION,Monster Friends / Big Bow,0
FRIENDS COLLECTION,Spork Man / Big Bow,0
FRIENDS COLLECTION,Toy Friends / Big Bow,0
FRIENDS COLLECTION,Toy Friends / Little Bow,0
FRIENDS COLLECTION,Monster Friends / Little Bow,0
FROSTY,BIG BOW,0
FROSTY,LITTLE BOW,0
Fall Brush Strokes,Big,0
Fall Brush Strokes,Little,0
Fall Floral Stripes ,Big Bow,0
Fall Floral Stripes ,Little Bow,1
Fall Leaves,Big,0
Fall Leaves,Little,0
Fall Leopard,Little,0
Fall Leopard,Big,2
Fall Leopard Brush Strokes,Big,0
Fall Leopard Brush Strokes,Little,0
Fall Plaid,Big,0
Fall Plaid,Little,0
Farm Life,Little Bow / Clip,0
Farm Life,Big Bow / Nude Nylon,0
Farm Life,Big Bow / Clip,0
Farm Life,Little Bow / Black Nylon,0
Farm Life,Mini Bow / Black Nylon,0
Farm Life,Little Bow / Nude Nylon,0
Farm Life,Big Bow / Black Nylon,0
Fire trucks ,Big Bow,0
Fishy's Brush Strokes,Little Bow,0
Fishy's Brush Strokes,Big Bow,0
Flannel Prints,Red Flannel / Little Bow,0
Flannel Prints,Red Flannel / Big Bow,0
Flannel Prints,Green Flannel / Little Bow,0
Flannel Prints,Blue/Gray Flannel / Little Bow,0
Flannel Prints,Tiny Green Flannel / Piggie Set (2 Mini Bows),0
Flannel Prints,Green Flannel / Big Bow,0
Flannel Prints,Tiny Green Flannel / Little Bow,0
Flannel Prints,Blue/Gray Flannel / Big Bow,0
Flannel Prints ,Cream Flannel (MIDDLE BOW) / Little Bow,0
Flannel Prints ,Red/Orange Flannel (TOP BOW) / Big Bow,0
Flannel Prints ,Red/Cream Flannel (BOTTOM BOW) / Little Bow,0
Flannel Prints ,Cream Flannel (MIDDLE BOW) / Big Bow,0
Flannel Prints ,Shades of Blue Flannel / Big Bow,0
Flannel Prints ,Red/Green/Wine Flannel / Piggie Set (2 Mini Bows),0
Flannel Prints ,Red/Green/Wine Flannel / Big Bow,0
Flannel Prints ,Shades of Blue Flannel / Little Bow,0
Flannel Prints ,Red/Cream Flannel (BOTTOM BOW) / Piggie Set,0
Flannel Prints ,Shades of Blue Flannel / Piggie Set (2 Mini Bows),0
Flannel Prints ,Cream Flannel (MIDDLE BOW) / Piggie Set,0
Flannel Prints ,Red/Green/Wine Flannel / Little Bow,0
Flannel Prints ,Red/Orange Flannel (TOP BOW) / Little Bow,0
Flannel Prints ,Red/Cream Flannel (BOTTOM BOW) / Big Bow,0
Floral Cow Stripes,Big Bow,1
Floral Cow Stripes,Little Bow,2
Floral Cow Stripes,Mini Bow,1
Floral Crown Deer,Big,0
Floral Crown Deer,Little,0
Floral Fall,Big,0
Floral Fall,Little,0
Floral Football,Little / Clip,0
Floral Football,Big / Nude Nylon,0
Floral Football,Little / Black Nylon,0
Floral Football,Big / Black Nylon,0
Floral Football,Mini / Clip,0
Floral Football,Little / Nude Nylon,0
Floral Football,Big / Clip,0
Floral Paisley TOPKNOT,Baby,0
Floral Pumpkins,Little,0
Floral Pumpkins,Big,0
Floral Skull,Big,0
Floral Skull,Little,0
Floral Slouth,Little / Clip,0
Floral Slouth,Mini / Clip,0
Floral Slouth,Big / Nude Nylon,0
Floral Slouth,Big / Clip,0
Floral Slouth,Little / Nude Nylon,0
Fog,Mini Bow,1
Fog,Little Bow,0
Fog,Piggie Set (2 Mini Bows),0
Football Leopard,Big Bow / Nude Nylon,0
Football Leopard,Little Bow / Clip,0
Football Leopard,Mini Bow / Clip,0
Football Leopard,Little Bow / Nude Nylon,0
Football Leopard,Little Bow / Black Nylon,0
Football Leopard,Big Bow / Clip,0
Football Leopard,Big Bow / Black Nylon,0
Football Stars,Big Bow / Clip,0
Football Stars,Big Bow / Nude Nylon,0
Football Stars,Mini Bow / Nude Nylon,0
Football Stars,Mini Bow / Clip,0
Football Stars,Mini Bow / Black Nylon,0
Football Stars,Little Bow / Clip,0
Football Stars,Little Bow / Nude Nylon,0
Football Stars,Little Bow / Black Nylon,0
Football Stars,Big Bow / Black Nylon,0
Footless Cable Knit Stockings,Black / 0-6 Months,0
Footless Cable Knit Stockings,Gray / 6-12 Months,0
Footless Cable Knit Stockings,White / 0-6 Months,0
Footless Cable Knit Stockings,Black / 6-12 Months,0
Forrest Green Plaid,Little Bow,0
Forrest Green Plaid,Big Bow,0
Friends,Big,0
Friends,Little,0
Fries B4 Guys,Headwrap,1
Fries B4 Guys,Little Bow,2
Fries B4 Guys,Big Bow,3
Furry Sloth,Little Bow,1
Furry Sloth,Big Bow,2
GIANT CACTUS FLORAL,BIG BOW,0
GIANT CACTUS FLORAL,LITTLE BOW,0
GIRAFFE PRINT,Big,0
GIRAFFE PRINT,Little,0
GIRLY CHRISTMAS BRUSH STROKES,PIGGIE SET (2 MINI BOWS),0
GIRLY CHRISTMAS BRUSH STROKES,LITTLE BOW,0
GIRLY CHRISTMAS BRUSH STROKES,BIG BOW,0
GLITTER LEOPARD,BIG BOW,0
GLITTER LEOPARD,PIGGIE SET (2 MINI BOWS),0
GLITTER LEOPARD,LITTLE BOW,0
GOLDEN JUNE 70'S FLORAL,Little Bow,0
GOLDEN JUNE 70'S FLORAL,Big Bow,0
GOLDEN JUNE 70'S FLORAL,Topknot,0
GOLDEN JUNE OLD TIME SANTA,Big Bow,0
GOLDEN JUNE OLD TIME SANTA,Little Bow,0
GOLDEN JUNE POLKA DOT FLORAL,Little Bow,0
GOLDEN JUNE POLKA DOT FLORAL,Topknot,0
GOLDEN JUNE POLKA DOT FLORAL,Big Bow,0
GOLDEN JUNE PUMPKINS,Big Bow,0
GOLDEN JUNE PUMPKINS,Topknot,0
GOLDEN JUNE PUMPKINS,Little Bow,0
GOLDEN JUNE SKULLS,Topknot,0
GOLDEN JUNE SKULLS,Big Bow,0
GOLDEN JUNE SKULLS,Little Bow,0
GOLDEN JUNE SUNNY DAISYS,Little Bow,0
GOLDEN JUNE SUNNY DAISYS,Big Bow,0
GREEN BUFFALO PLAID,PIGGIE SET (2 MINI BOWS),0
GREEN BUFFALO PLAID,LITTLE BOW,0
GREEN BUFFALO PLAID,BIG BOW,0
GREEN CHRISTMAS PLAID,LITTLE BOW,0
GREEN CHRISTMAS PLAID,BIG BOW,0
GREEN CHRISTMAS PLAID,PIGGIE SET (2 MINI BOWS),0
GRINCH BUFFALO,BIG BOW,0
GRINCH BUFFALO,LITTLE BOW,0
Ghost,Little,0
Ghost,Big,2
Girly Christmas Trees,Little Bow,2
Girly Christmas Trees,Big Bow,6
Girly Christmas Trees,Headwrap,2
Girly Christmas Trees,Piggie Set (2 Mini Bows),1
Girly Pumpkin,Big,0
Girly Pumpkin,Little,0
Glitter Leopard Serape ,Mini Bow Clip,0
Glitter Leopard Serape ,Big Bow Nude Nylon,0
Glitter Leopard Serape ,Big Bow Black Nylon,0
Glitter Leopard Serape ,Little Bow Clip,0
Glitter Leopard Serape ,Big Bow Clip,0
Glitter Santa ,Big Bow,1
Glitter Santa ,Little Bow,1
Glitter Santa ,Piggie Set (2 Mini Bows),0
Glitter Spiders,Big,0
Glitter Spiders,Little,0
Glitter Toy Story Brush Strokes,Little Bow,0
Glitter Toy Story Brush Strokes,Piggy Sets (2 Mini Bows),0
Go Packs,Topknot,0
Go Packs,Big Bow,0
Go Packs,Little Bow,0
Gobble,Big Bow,0
Gobble,Headwrap,1
Gobble,Little Bow,0
Gobble,Piggie Set (2 Mini Bows),1
Gobble,Mini Bow,3
Gold Foil Leopard,Big / Clip,0
Gold Foil Leopard,Mini / Nude Nylon,0
Gold Foil Leopard,Little / Black Nylon,0
Gold Foil Leopard,Little / Clip,0
Gold Foil Leopard,Big / Nude Nylon,0
Gold Foil Leopard,Big / Black Nylon,0
Gold Foil Leopard,Little / Nude Nylon,0
Gold Marble,Big,0
Gold Marble,Little,0
Gold Marble,Mini,0
Gold Pleather,Headwrap,1
Gold Pleather,Mini Bow,1
Gold Pleather,Little Bow,2
Gold Pleather,Big Bow,3
Gold Pleather,Piggie Set (2 mini Bows),3
Gold Sparkle Stripes,Little Bow,0
Gold Sparkle Stripes,Piggie Set (2 Mini Bows),0
Gold Sparkle Stripes,Big Bow,0
Gold Splatter,Mini,0
Gold Splatter,Big,0
Gold Splatter,Little,0
Gray Plaid,Mini Bow,0
Gray Plaid,Piggie Set (2 Mini Bows),0
Gray Plaid,Piggie Set,0
Gray Plaid,Big Bow,0
Gray Plaid,Little Bow,0
Green Camouflage,Big Bow,2
Green Camouflage,Little Bow,2
Green Man Floral ,Little Bow,0
Green Man Floral ,Big Bow,0
Green Plaid,Big,0
Green Plaid,Little,0
Greenery Leaves,Little Bow,4
Greenery Leaves,Big Bow,1
Greenery Leaves,Headwrap,2
Greenery TOPKNOT,Kid/Mommy,0
Greenery TOPKNOT,Baby,0
Greenery TOPKNOT,Toddler,2
Grey Snakeskin TOPKNOT,Baby,1
Grey Snakeskin TOPKNOT,Kid/Mommy,0
Grey Splatter Cowboys ,Little Bow,0
Grey Splatter Cowboys ,Big Bow,0
Grey Splatter Royals,Little Bow,0
Grey Splatter Royals,Big Bow,0
Grey Splatter Royals,Topknot,0
Grey Splatter Yanks,Headwrap,0
Grunge Stripes ,Turquoise Stripes (RIGHT PRINT) / Piggie Set (2 Mini Bows),0
Grunge Stripes ,Grunge Purple Stripes (LEFT PRINT) / Piggie Set (2 Mini Bows),0
Grunge Stripes ,Turquoise Stripes (RIGHT PRINT) / Big Bow,0
Grunge Stripes ,Grunge Purple Stripes (LEFT PRINT) / Little Bow,0
Grunge Stripes ,Grunge Purple Stripes (LEFT PRINT) / Big Bow,0
Grunge Stripes ,Turquoise Stripes (RIGHT PRINT) / Little Bow,0
HEADWRAP PRINTS,PUMPKIN PIE,0
HEADWRAP PRINTS,FALL FLORAL,0
HEADWRAP PRINTS,GIRLY PUMPKINS,0
HEADWRAP PRINTS,BOHO FALL FLORAL,0
HEADWRAP PRINTS,RUST FLORAL,0
HEADWRAP PRINTS,PSL,0
HEADWRAP PRINTS,AZTEC PUMPKINS,0
HEADWRAP PRINTS,PERFECT PLAID,0
HIGHLAND CHRISTMAS COWS,LITTLE BOW,0
HIGHLAND CHRISTMAS COWS,PIGGIE SET (2 MINI BOWS),0
HIGHLAND CHRISTMAS COWS,BIG BOW,0
HIGHLAND COW TOPKNOT,Kid/Adult,0
HIGHLAND COW TOPKNOT,Toddler,0
HIGHLAND COW TOPKNOT,Baby,0
HO HO HO,PIGGIE SET (2 MINI BOWS),0
HO HO HO,BIG BOW,0
HO HO HO,LITTLE BOW,0
HO HO HO SNOWFLAKES,BIG BOW,0
HO HO HO SNOWFLAKES,LITTLE BOW,0
HOLLY,LITTLE BOW,0
HOLLY,PIGGIE SET (2 MINI BOWS),0
HOLLY,BIG BOW,0
HOLY NIGHT,PIGGIE SET (2 MINI BOWS),0
HOLY NIGHT,LITTLE BOW,0
HOLY NIGHT,BIG BOW,0
HUNTER FLORAL,PIGGIE SET (2 MINI BOWS),0
HUNTER FLORAL,LITTLE BOW,0
HUNTER FLORAL,BIG BOW,0
Halloween Doodle,Big,0
Halloween Doodle,Little,0
Halloween Dots,Big,0
Halloween Dots,Little,0
Halloween Splatter,Little,0
Halloween Splatter,Big,0
Halloween Stripes,Little,0
Halloween Stripes,Big,0
Harvest Candy Corn,Big,0
Harvest Candy Corn,Little,0
Harvest Flannel,Big Bow,0
Harvest Flannel,Little Bow,0
Harvest Orange ,Big Bow,0
Harvest Orange ,Little Bow,2
Harvest Plaid,Headwrap,0
Harvest Plaid,Piggie Set (2 Mini Bows),0
Harvest Plaid,Little Bow,0
Harvest Plaid,Big Bow,0
Harvest Plaid,Mini Bow,0
Headwrap Mystery Grab Bag,Toddler,3
Headwrap Mystery Grab Bag,Kid,1
Headwrap Mystery Grab Bag,Baby,1
Hearts TOPKNOT,Kid/Mommy,0
Hearts TOPKNOT,Baby,0
Hearts TOPKNOT,Toddler,0
Highland Cow Print,Headwrap,0
Highland Cow Print,Big Bow,0
Holographic Leopard,Little,0
Holographic Leopard,Mini,0
Holographic Leopard,Big,0
Ice Blue Leopard Brush Strokes,Little Bow,0
Ice Blue Leopard Brush Strokes,Big Bow,0
Ice Blue Leopard Brush Strokes,Piggie Set,0
Indian Headdress ADULT,Adult Large,0
Indian Headdress ADULT,Adult Medium,0
Indian Headdress TODDLER/KID,Default Title,0
Jack Stripes,Little,0
Jack Stripes,Big,0
Jaguar ,Little Bow,0
Jaguar ,Piggie Set (2 Mini Bows),1
Jaguar ,Mini Bow,0
Jesus Has You,Little Bow,1
KC Brush Strokes,Little Bow,0
KC Brush Strokes,Big Bow,0
KC Brush Strokes,Headwrap,0
KC Hearts Blue,Mini Bow,0
KC Hearts Blue,Topknot,0
KC Hearts Blue,Big Bow,0
KC Hearts Blue,Piggie Set (2 Mini Bows),0
KC Hearts Blue,Little Bow,0
KC Hearts Blue,Headwrap,0
KC Hearts Red & Yellow,Little Bow,0
KC Hearts Red & Yellow,Mini Bow,0
KC Hearts Red & Yellow,Piggie Set (2 Mini Bows),0
KC Hearts Red & Yellow,Headwrap,0
KC Hearts Red & Yellow,Big Bow,1
KC Hearts Red & Yellow,Topknot,0
KC Helmets,Little Bow,3
KC Helmets,Big Bow,5
KC Helmets,Headwrap,1
KC Slugger,Mini Bow,0
KC Slugger,Topknot,0
KC Slugger,Big Bow,0
KC Slugger,Little Bow,0
KC Slugger,Piggie Set (2 Mini Bows),0
KC Wolf,Little Bow,0
KC Wolf,Piggie Set (2 Mini Bows),0
KC Wolf,Topknot,0
KC Wolf,Big Bow,0
KC Wolf,Mini Bow,0
KC leopard 2.0,Big Bow,4
KC leopard 2.0,Little Bow,1
KC leopard 2.0,Headwrap,1
KS sunset stripes ,Little Bow,0
KS sunset stripes ,Big Bow,0
KS sunset stripes ,Piggie Set (2 Mini Bows),0
KSU Wildcats,Headwrap,0
KSU Wildcats,Big Bow,0
KSU Wildcats,Little Bow,0
KSU Wildcats,Mini Bow,0
KU Black,Big Bow,2
KU Black,Mini Bow,1
KU Brushstrokes ,Piggie Set (2 Mini Bows),1
KU Brushstrokes ,Little Bow,1
KU Leopard,Big Bow,1
KU Leopard,Mini Bow,0
KU Leopard,Little Bow,0
LEOPARD CHIEFS ,Piggie Set (2 Mini Bows),0
LEOPARD CHIEFS ,Big Bow,2
LEOPARD CHIEFS ,Topknot,0
LEOPARD CHIEFS ,Headwrap,0
LEOPARD CHIEFS ,Little Bow,0
LEOPARD CHIEFS ,Mini Bow,0
LEOPARD GLITTER BRUSH STROKES,PIGGIE SET (2 MINI BOWS),0
LEOPARD GLITTER BRUSH STROKES,BIG BOW,0
LEOPARD GLITTER BRUSH STROKES,LITTLE BOW,0
LEOPARD GRINCH,BIG BOW,0
LEOPARD GRINCH,PIGGIE SET (2 MINI BOWS),0
LEOPARD GRINCH,LITTLE BOW,0
LEOPARD SANTA,LITTLE BOW,0
LEOPARD SANTA,BIG BOW,0
LITTLE CHRISTMAS TREE,BIG BOW,0
LONGHORN CHRISTMAS,LITTLE BOW,0
LONGHORN CHRISTMAS,BIG BOW,0
Lake Life Brush Strokes,Little Bow,0
Lake Life Brush Strokes,Big Bow,0
Large Fall Plum Foral,Little Bow,0
Large Fall Plum Foral,Big Bow,0
Lavender Flowers,Headwrap,3
Lavender Flowers,Big Bow,4
Lavender Flowers,Little Bow,3
Lavender Plaid,Big Bow,0
Leopard Broncos ,Piggie Set (2 Mini Bows),0
Leopard Broncos ,Big Bow,0
Leopard Broncos ,Little Bow,0
Leopard Browns,Headwrap,0
Leopard Browns,Little Bow,0
Leopard Browns,Big Bow,0
Leopard Cowboys ,Little Bow,0
Leopard Cowboys ,Topknot,0
Leopard Floral,Big,0
Leopard Floral,Little,0
Leopard Helmets & Footballs,Piggie Set (2 Mini Bows),0
Leopard Helmets & Footballs,Little Bow,1
Leopard Packers ,Headwrap,0
Leopard Packers ,Piggie Set (2 Mini Bows),0
Leopard Packers ,Little Bow,0
Leopard Packers ,Topknot,0
Leopard Royals,Big Bow,0
Leopard Royals,Little Bow,0
Leopard Royals,Piggie Set (2 Mini Bows),0
Leopard Serape Spots,Big Bow,0
Leopard Steelers ,Headwrap,0
Leopard Steelers ,Little Bow,0
Leopard Stripes ,Pastel Leopard Stripes / Little Bow,0
Leopard Stripes ,Pastel Leopard Stripes / Piggie Set (2 Mini Bows),0
Leopard Stripes ,Sunset Leopard Stripes / Little Bow,0
Leopard Stripes ,Pastel Leopard Stripes / Big Bow,0
Leopard Stripes ,Sunset Leopard Stripes / Piggie Set (2 Mini Bows),0
Leopard Stripes ,Sunset Leopard Stripes / Big Bow,0
Leopard Stripes ,Ombré Leopard Stripes / Piggie Set (2 Mini Bows),0
Leopard Stripes ,Ombré Leopard Stripes / Little Bow,0
Leopard Stripes ,Ombré Leopard Stripes / Big Bow,0
Leopard Sunflower ,Big Bow / Clip,0
Leopard Sunflower ,Little Bow / Nude Nylon,1
Leopard Sunflower ,Big Bow / Nude Nylon,0
Leopard Sunflower ,Little Bow / Clip,0
Leopard Sunflower ,Mini Bow / Clip,0
Leopard Sunflower ,Mini Bow / Nude Nylon,0
Leopard Sunflower ,Little Bow / Black Nylon,0
Leopard Tie-dye,Little,0
Leopard Tie-dye,Big,0
Light Blue,Mini Bow,1
Light Blue,Big Bow,1
Light Gray Floral,Big Bow,2
Light Gray Floral,Little Bow,4
Light Mint,Big Bow,2
Little Bow Mystery Grab Bag,Black Nylon,2
Little Bow Mystery Grab Bag,Clip,0
Little Bow Mystery Grab Bag,Nude Nylon,1
Longhorn Sunflower,Little,0
Longhorn Sunflower,Big,0
Longhorn Sunflower,Mini,0
MAROON NAVY BRUSH STROKES,BIG BOW,0
MAROON NAVY BRUSH STROKES,LITTLE BOW,0
MAROON NAVY BRUSH STROKES,PIGGIE SET (2 MINI BOWS),0
MERRY & BRIGHT,LITTLE BOW,0
MERRY & BRIGHT,BIG BOW,0
MERRY & BRIGHT,PIGGIE SET (2 MINI BOWS),0
MERRY CHRISTMAS RAINDEER,BIG BOW,0
MERRY CHRISTMAS RAINDEER,LITTLE BOW,0
MERRY CHRISTMAS SANTA,BIG BOW,0
MERRY CHRISTMAS SANTA,LITTLE BOW,0
MICKEY CHRISTMAS,LITTLE BOW,0
MICKEY CHRISTMAS,BIG BOW,0
MILK AND COOKIES,BIG BOW,0
MILK AND COOKIES,PIGGIE SET (2 MINI BOWS),0
MILK AND COOKIES,LITTLE BOW,0
MISLETOES,LITTLE BOW,0
MISLETOES,PIGGIE SET (2 MINI BOWS),0
MISLETOES,BIG BOW,0
MM Princess,Big Bow,0
MM Princess,Little Bow,0
MUTED CHRISTMAS STRIPES,BIG BOW,0
MUTED CHRISTMAS STRIPES,LITTLE BOW,0
MY FIRST CHRISTMAS,PIGGIE SET (2 MINI BOWS),0
MY FIRST CHRISTMAS,BIG BOW,0
MY FIRST CHRISTMAS,LITTLE BOW,0
MY FIRST NEW YEARS,BIG BOW,0
MY FIRST NEW YEARS,LITTLE BOW,0
MY FIRST NEW YEARS,PIGGIE SET (2 MINI BOWS),0
Magenta Plaid,Little Bow,0
Magenta Plaid,Big Bow,0
Mama's Bestie,Big,0
Mama's Bestie,Little,0
Maple Leaves & Sunflowers,Little Bow,0
Maple Leaves & Sunflowers,Big Bow,0
Mauve Plaid,Little Bow,0
Mauve Plaid,Big Bow,0
Messy Bow Mystery Grab Bag,Clip,0
Messy Bow Mystery Grab Bag,Nude Nylon,0
Messy HeadWrap Grab Bag ,Kid,0
Messy HeadWrap Grab Bag ,Baby,0
Messy HeadWrap Grab Bag ,Toddler,0
Midnight Blue Brush Strokes,Little Bow,0
Midnight Blue Brush Strokes,Big Bow,0
Midnight Blue Brush Strokes,Piggie Set (2 Mini Bows),1
Midnight Rainbow TOPKNOT,Kid/Mommy,0
Midnight Rainbow TOPKNOT,Baby,0
Midnight Rainbow TOPKNOT,Toddler,2
Midnight Spiderwebs,Big,0
Military Green,Little Bow,1
Military Green,Piggie Set (2 Mini Bows),1
Military Green,Big Bow,1
Mini Bow Mystery Grab Bag,Black Nylon,0
Mini Bow Mystery Grab Bag,Nude Nylon,0
Mini Bow Mystery Grab Bag,Clip,0
Mocha,Little Bow,4
Mocha,Piggie Set (2 Mini Bows),0
Mocha,Big Bow,1
Mocha,Mini Bow,1
Momma’s Mini,Little Bow,8
Momma’s Mini,Big Bow,8
Momma’s Mini,Mini Bow,2
Mommy's Girl,Little,0
Mommy's Girl,Big,0
Monster Mash Up,Big Bow,0
Moon Girl,Little Bow,0
Moon Girl,Piggie Set,0
Moon Girl,Big Bow,0
Multi Black LV,Big Bow,0
Multi Color Plaid,Big,0
Multi Color Plaid,Little,0
Multi Cow Print,Mini,0
Multi Cow Print,Little,0
Multi Cow Print,Big,0
Multi Fall Plaid,Big Bow,0
Multi White LV,Big Bow,0
Mustard,Little Bow,1
Mustard,Piggie Set (2 Mini Bows),0
Mustard,Headwrap,1
Mustard,Big Bow,1
Mustard Plaid,Big Bow,0
Mustard floral ,Baby,0
Mustard floral ,Kid/Adult,0
Mustard floral ,Toddler,0
My FIRST Thanksgiving,Big Bow,0
My FIRST Thanksgiving,Little Bow,0
My FIRST Thanksgiving,Mini Bow,0
My FIRST Thanksgiving,Headwrap,0
NEON LIGHTS SANTA,LITTLE BOW,0
NEON LIGHTS SANTA,PIGGIE SET (2 MINI BOWS),0
NEON LIGHTS SANTA,BIG BOW,0
NUTCRACKERS,LITTLE BOW,0
NUTCRACKERS,BIG BOW,0
NYE BABE,Little Bow,2
NYE Brush Stokes,Little Bow,4
NYE Brush Stokes,Big Bow,3
NYE Disco Ball,Mini Bow,1
NYE Disco Ball,Little Bow,5
NYE Disco Ball,Piggie Set (2 Mini Bows),1
NYE Disco Ball,Big Bow,6
NYE Golden Hour,Piggie Set (2 Mini Bows),1
NYE Golden Hour,Big Bow,1
NYE Golden Hour,Little Bow,5
NYE Midnight Sky,Big Bow,1
NYE Midnight Sky,Piggie Set (2 Mini Bows),3
NYE Midnight Sky,Little Bow,2
Navy,Little Bow,2
Navy,Piggie Set (2 Mini Bows),0
Navy,Big Bow,0
Navy Aztec,Mini,0
Navy Aztec,Little,0
Navy Aztec,Big,0
Navy Bucks,Big,0
Navy Bucks,Little,0
Navy Daisy Topknot ,Kid/Mommy,0
Navy Plaid,Little Bow,0
Navy Plaid,Big Bow,0
Navy Pleather,Headwrap,1
Navy Pleather,Mini Bow,1
Navy Pleather,Piggie Set (2 mini Bows),2
Navy Stripes ,Big Bow,0
Navy Stripes ,Piggie Set (2 Mini Bows),0
Navy Stripes ,Headwrap,0
Navy Wildflower,Big,0
Navy Wildflower,Little,0
Neon Leopard,Big / Nude Nylon,0
Neon Leopard,Little / Black Nylon,0
Neon Leopard,Big / Clip,0
Neon Leopard Aztec,Big Bow,0
New Boot Goofin’,Big Bow,3
Newborn Stripes,Little Bow,0
Newborn Stripes,Big Bow,0
Newborn Stripes,Mini Bow,0
Not my Brother's Bow,Little / Nude Nylon,0
Not my Brother's Bow,Big / Nude Nylon,0
Not my Brother's Bow,Mini / Black Nylon,0
Not my Brother's Bow,Mini / Clip,0
Not my Brother's Bow,Big / Clip,0
Not my Brother's Bow,Big / Black Nylon,0
Not my Brother's Bow,Little / Clip,0
Nude Leopard,Mini Bow Clip,0
Nude Leopard,Little Bow Nude Nylon,0
Nude Leopard,Big Bow Black Nylon,0
OG AZTEC,BIG BOW,0
OG LEOPARD,Headwrap,0
OG LEOPARD,Big Bow,0
OG LEOPARD,Little Bow,0
OG Leopard,Big / Clip,0
OG Leopard,Mini / Nude Nylon,0
OG Leopard,Big / Black Nylon,0
OG Leopard,Little / Black Nylon,0
OG Leopard,Mini / Clip,0
OG Leopard,Little / Nude Nylon,0
OMG SANTA,LITTLE BOW,0
OMG SANTA,BIG BOW,0
ORNAMENTS,LITTLE BOW,0
ORNAMENTS,BIG BOW,0
ORNAMENTS,PIGGIE SET (2 MINI BOWS),0
Olive,Piggie Set (2 Mini Bows),0
Olive,Little Bow,3
Olive,Big Bow,1
Olive Green Plaid,Big Bow,0
Olive Green Plaid,Little Bow,0
Ombré Peach Stripes ,Big Bow,0
Ombré Peach Stripes ,Little Bow,0
Ombré Pink Leopard ,Big Bow,0
Ombré Pink Leopard ,Little Bow,0
Orange Cream,Big Bow,2
Orange Cream,Little Bow,1
Orange Floral,Big,0
Orange Floral,Little,0
Orange Leopard,Little,0
Orange Leopard,Big,0
Orange Plaid,Little Bow,0
Orange Plaid,Big Bow,0
Orange Tie Dye,Little,0
Orange Tie Dye,Big,0
Outline Floral,Mini,0
Outline Floral,Little,0
Outline Floral,Big,0
PIGGIE SET MYSTERY GRAB BAG,Default Title,0
PLAID MOOSE,BIG BOW,0
PLAID MOOSE,LITTLE BOW,0
POINSETTIA FLORAL,BIG BOW,0
POINSETTIA FLORAL,LITTLE BOW,0
POINSETTIAS,PIGGIE SET (2 MINI BOWS),0
POINSETTIAS,LITTLE BOW,0
POINSETTIAS,BIG BOW,0
PRE-ORDER BOWS,Wild Flower / Big Bow,0
PRE-ORDER BOWS,Fawn / Big Bow,0
PRE-ORDER BOWS,Deer Floral / Big Bow,0
PRE-ORDER BOWS,Giraffe / Big Bow,0
PRE-ORDER BOWS,Fawn / Little Bow,0
PRE-ORDER BOWS,Deer Floral / Little Bow,0
PRE-ORDER FLAT BILL HATS,CAMO / INFANT,0
PRE-ORDER FRINGE PURSE,SAND LEOPARD,0
PRE-ORDER KIDS FLUFFER BEANIES,Liliac / Medium (6-24 months),0
PRE-ORDER KIDS FLUFFER BEANIES,Red / Medium (6-24 months),0
PRE-ORDER KIDS FLUFFER BEANIES,Blush Pink / Medium (6-24 months),0
PRE-ORDER KIDS FLUFFER BEANIES,Liliac / Small (0-6 months),0
PRE-ORDER MOMMY & ME BEANIES,Dark Leopard,0
PRE-ORDER MOMMY & ME BEANIES,Red Buffalo Plaid,0
PRE-ORDER MOMMY BEANIES,BUFFALO STRIPE,0
PRE-ORDER MOMMY BEANIES,RED BUFFALO PLAID,0
PRE-ORDER POM POM BEANIES,Loden Green / Medium (6 months-24 months),0
PRE-ORDER POM POM BEANIES,Grey Buffalo Plaid / Small (0-6 months),0
PRE-ORDER POM POM BEANIES,Birch / Medium (6 months-24 months),0
PRE-ORDER POM POM BEANIES,Slate Blue / Medium (6 months-24 months),0
PRE-ORDER POM POM BEANIES,Grey Buffalo Plaid / Medium (6 months-24 months),0
PSL,Big,0
PSL,Little,0
PUMPKIN TOPKNOT,Toddler,0
PURPLE WINTER FLORAL,LITTLE BOW,0
PURPLE WINTER FLORAL,BIG BOW,0
Pale Yellow,Piggie Set (2 Mini Bows),0
Pale Yellow,Little Bow,2
Pastel Camo,Little Bow,0
Pastel Leopard,Little,0
Pastel Leopard,Big,0
Pastel Leopard,Mini,0
Pastel Mint,Big Bow,2
Pastel Mint,Little Bow,1
Peach,Piggie Set (2 Mini Bows),0
Peach,Little Bow,1
Peach Gingham,Mini,0
Peach Gingham,Little,0
Peach Gingham,Big,0
Peaches,Little,0
Peaches,Big,0
Peacock Feathers ,Little Bow,0
Peacock Feathers ,Big Bow,1
Perfect Little Plaid Light Brown,Big Bow,0
Perfect Little Plaid Light Brown,Little Bow,0
Perfect Little Plaid Pink,Big Bow,0
Perfect Little Plaid Pink,Little Bow,0
Perfect Little Plaid Pink,Piggie Set (2 Mini Bows),0
Perfect Little Plaid Red,Big Bow,0
Perfect Little Plaid Red,Little Bow,0
Perfect Little Plaid Red,Piggie Set (2 Mini Bows),0
Perfect Little Plaid Sage Green,Big Bow,0
Perfect Little Plaid Sage Green,Little Bow,0
Perfect Little Plaid Tan,Piggie Set (2 Mini Bows),0
Perfect Little Plaid Tan,Little Bow,0
Perfect Little Plaid Tan,Big Bow,0
Piggies,Big,0
Piggies,LIttle,0
Piggies,Mini,0
Pink,Little Bow,1
Pink,Big Bow,1
Pink & Gray Stripes ,Little Bow,0
Pink & Gray Stripes ,Big Bow,0
Pink & Gray Stripes ,Piggie Set (2 Mini Bows),0
Pink & Green Camo,Piggie Set (2 Mini Bows),1
Pink & Green Camo,Big Bow,0
Pink & Green Camo,Little Bow,0
Pink & Peach Floral,Little Bow / Clip,0
Pink & Peach Floral,Mini Bow / Nude Nylon,0
Pink & Peach Floral,Little Bow / Nude Nylon,0
Pink & Peach Floral,Mini Bow / Clip,0
Pink & Peach Floral,Big Bow / Nude Nylon,0
Pink & Peach Floral,Big Bow / Clip,0
Pink Brush Strokes,Mini Bow / Nude nylon,0
Pink Brush Strokes,Big Bow / Black nylon,0
Pink Brush Strokes,Little Bow / Clip,0
Pink Brush Strokes,Little Bow / Nude nylon,0
Pink Brush Strokes,Little Bow / Black nylon,0
Pink Brush Strokes,Big Bow / Nude nylon,0
Pink Cactus,Little,0
Pink Cactus,Big,0
Pink Camo,Kid/Adult,0
Pink Camo,Baby,0
Pink Danty Dots,Big Bow / Black Nylon,0
Pink Danty Dots,Big Bow / Nude Nylon,0
Pink Danty Dots,Mini Bow / Black Nylon,0
Pink Danty Dots,Big Bow / Clip,0
Pink Danty Dots,Mini Bow / Nude Nylon,0
Pink Danty Dots,Little Bow / Clip,0
Pink Danty Dots,Little Bow / Black Nylon,0
Pink Danty Dots,Little Bow / Nude Nylon,0
Pink Deer,Big,0
Pink Deer,Little,0
Pink Floral,Mini Bow / Black Nylon,0
Pink Floral,Mini Bow / Clip,0
Pink Floral,Little Bow / Clip,1
Pink Floral,Big Bow / Nude Nylon,0
Pink Floral,Little Bow / Nude Nylon,0
Pink Lemonade Floral,Big / Nude Nylon,0
Pink Lemonade Floral,Mini / Clip,0
Pink Lemonade Floral,Big / Clip,0
Pink Lemonade Floral,Little / Nude Nylon,0
Pink Lemonade Floral,Little / Clip,0
Pink Marble ,Mini Bow / Clip,0
Pink Marble ,Little Bow / Clip,0
Pink Plaid,Little Bow,0
Pink Plaid,Big Bow,0
Pink Serape ,Piggie Set (2 Mini Bows),1
Pink Serape ,Little Bow,0
Pink Snake Skin,Headwrap,0
Pink Snake Skin,Big Bow,0
Pink Snake Skin,Little Bow,0
Pink Water Color Butterfly,Little Bow,0
Pink Water Color Butterfly,Big Bow,0
Pink/Red Watercolor,Big Bow Clip,0
Pink/Red Watercolor,Mini Bow Clip,0
Pink/Red Watercolor,Big Bow Nude Nylon,0
Pink/Red Watercolor,Little Bow Nude Nylon,0
Pink/Red Watercolor,Mini Bow Nude Nylon,0
Pirates Island,Big,0
Pirates Island,Little,0
Plaid Floral,Big Bow,1
Plaid Turkey's,Mini Bow,0
Plaid Turkey's,Piggie Set (2 Mini Bows),0
Plaid Turkey's,Headwrap,0
Plaid Turkey's,Little Bow,0
Plaid Turkey's,Big Bow,0
Plum Plaid,Big Bow,0
Plum Plaid,Little Bow,0
Poppy,Mini,0
Poppy,Big,0
Poppy,Little,0
Posty Water,Little / Black Nylon,0
Posty Water,Little / Nude Nylon,0
Posty Water,Big / Black Nylon,0
Posty Water,Big / Nude Nylon,0
Posty Water,Little / Clip,0
Posty Water,Big / Clip,0
Posty Water,Nude / Clip,0
Pray A Little More,Big Bow,1
Pray A Little More,Little Bow,2
Preemie Awareness,Big Bow,2
Preemie Awareness,Little Bow,1
Princess Mashup,Big Bow,0
Pumpkin,Little Bow,0
Pumpkin,Big Bow,0
Pumpkin Candy Corn,Little,0
Pumpkin Candy Corn,Big,0
Pumpkin Leopard,Big Bow,0
Pumpkin Leopard,Little Bow,0
Pumpkin Patch,Little,0
Pumpkin Patch,Big,0
Pumpkin Plaid,Little,0
Pumpkin Plaid,Big,0
Purple,Piggie Set (2 Mini Bows),0
Purple & Yellow Sparkle,Big Bow,0
Purple Camo,Mini / Clip,0
Purple Camo,Little / Nude Nylon,0
Purple Camo,Big / Nude Nylon,0
Purple Camo,Big / Clip,0
Purple Daisy,Mini,0
Purple Daisy,Big,0
Purple Daisy,Litte,0
Purple Leopard,Little,0
Purple Magnolia,Little,0
Purple Magnolia,Big,0
Purple Teal Splatter,Big / Clip,0
Purple Teal Splatter,Little / Clip,0
Purple Teal Splatter,Big / Nude Nylon,0
Purple Teal Splatter,Little / Black Nylon,0
Purple Teal Splatter,Mini / Clip,0
Purple Teal Splatter,Little / Nude Nylon,0
Purple Teal Splatter,Big / Black Nylon,0
Purple Tie Dye,Big,0
Purple Tie Dye,Little,0
Purple Vikings ,Mini Bow,0
Purple Vikings ,Big Bow,0
Purple Vines,Big,0
Purple Vines,Little,0
Purple Vines,Mini,0
RAE DUNN,LITTLE BOW,0
RAE DUNN,PIGGIE SET (2 MINI BOWS),0
RAE DUNN,BIG BOW,0
RAINDEER NAMES,LITTLE BOW,0
RAINDEER NAMES,BIG BOW,0
RED BUFFALO PLAID ,PIGGIE SET (2 MINI BOWS),0
RED BUFFALO PLAID ,BIG BOW,0
RED BUFFALO PLAID ,LITTLE BOW,0
RED CHRISTMAS PJ'S,LITTLE BOW,0
RED LEOPARD,PIGGIE SET (2 MINI BOWS),0
RED LEOPARD,BIG BOW,0
RED LEOPARD,LITTLE BOW,0
RED RAINDEER,PIGGIE SET (2 MINI BOWS),1
RED RAINDEER,LITTLE BOW,0
RED RAINDEER,BIG BOW,1
RED/GREEN CHRISTMAS PJ'S,LITTLE BOW,0
RED/GREEN CHRISTMAS PJ'S,PIGGIE SET (2 MINI BOWS),0
RED/GREEN CHRISTMAS PJ'S,BIG BOW,0
RESTING GRINCH FACE,PIGGIE SET (2 MINI BOWS),0
RESTING GRINCH FACE,BIG BOW,0
RESTING GRINCH FACE,LITTLE BOW,0
RETRO CHIEFS,Big Bow,1
RETRO CHIEFS,Topknot,0
RETRO CHIEFS,Little Bow,0
RETRO CHIEFS,Piggie Set (2 Mini Bows),0
RETRO CHIEFS,Headwrap,2
ROYALS White,Piggie Set (2 Mini Bows),0
ROYALS White,Headwrap,0
ROYALS White,Topknot,0
ROYALS White,Little Bow,0
ROYALS White,Big Bow,0
RTS BOWS,Fishing Lures / Big Bow,0
RTS BOWS,Boho Dreamcatchers / Little Bow,0
RTS BOWS,Pink Feathers / Little Bow,0
RTS BOWS,Fishing Lures / Little Bow,0
RTS BOWS,Hippie Tie-Dye / Big Bow,0
RTS BOWS,Hippie Vans / Little Bow,0
RTS BOWS,Yellow Paisley / Little Bow,0
RTS BOWS,Yellow Paisley / Big Bow,0
RTS BOWS,Butterfly Floral / Big Bow,0
RTS BOWS,Dragonfly / Big Bow,0
RTS BOWS,Tie-Dye Peace Signs / Little Bow,0
RTS BOWS,Pink Feathers / Big Bow,0
RTS BOWS,Hippie Tie-Dye / Little Bow,0
RTS BOWS,Tie-Dye Peace Signs / Big Bow,0
RTS BOWS,Hippie Sloths / Big Bow,0
RTS BOWS,Buck Heads / Little Bow,0
RTS BOWS,Dragonfly / Little Bow,0
RTS BOWS,Butterfly Floral / Little Bow,0
RTS BOWS,Pink Feathers / Mini Bow,0
RTS BOWS,Hippie Vans / Big Bow,0
RTS BOWS,Buck Heads / Big Bow,0
RTS BOWS,Hippie Sloths / Little Bow,0
RTS BOWS,Boho Dreamcatchers / Big Bow,0
RTS BOWS,Yellow Paisley / Mini Bow,0
RTS Bling Tights ,Light Pink,1
RTS Bling Tights ,White,2
RTS Bling Tights ,Purple,1
RTS Bling Tights ,Light Brown,1
RTS Bling Tights ,Hot Pink,1
RTS Bling Tights ,Orange,0
RTS Bling Tights ,Nude,1
RTS Bling Tights ,Dark Brown,1
RTS Bling Tights ,Red,1
RTS Bling Tights ,Royal Blue,1
RTS Bling Tights ,Neon Green,1
RTS Bling Tights ,Emerald,1
RTS Bling Tights ,Black,1
RUDOLF,LITTLE BOW,0
RUDOLF,BIG BOW,0
RUDOLF MOVIE,BIG BOW,0
RUDOLF MOVIE,LITTLE BOW,0
RUSHED FOR K. WHEELER,Default Title,1
RUSHED ORDER FOR JORDAN SAWICKI,Default Title,0
Rainbow Baby,Big Bow,1
Rainbow Baby,Piggie Set (2 Mini Bows),2
Rainbow Baby,Mini Bow,0
Rainbow Baby,Little Bow,0
Rainbow Collection ,Rainbow Stripes / Little Bow,0
Rainbow Collection ,Rainbow Hearts / Little Bow,0
Rainbow Collection ,Rainbow Leopard / Big Bow,0
Rainbow Collection ,Rainbow Stripes / Big Bow,0
Rainbow Collection ,Rainbow Splatter / Little Bow,0
Rainbow Collection ,Rainbow Splatter / Big Bow,0
Rainbow Collection ,Rainbow Hearts / Big Bow,0
Rainbow Collection ,Rainbow Leopard / Little Bow,0
Rainbow Sunflower,Big,0
Rainbow Sunflower,Little,0
Red,Little Bow,1
Red,Piggie Set (2 Mini Bows),1
Red,Big Bow,0
Red & Blue Ribbons,Big Bow,1
Red & Yellow Sparkle ,Little Bow,0
Red & Yellow Sparkle ,Big Bow,0
Red & Yellow Sparkle ,Piggie Set (2 Mini Bows),0
Red Buffalo,Little Bow,0
Red Floral,Little,0
Red Floral,Big,1
Red Plaid,Big Bow,0
Red Plaid,Little Bow,0
Red Plaid,Piggie Set,0
Red Rainbows,Big / Clip,0
Red Rainbows,Little / Clip,0
Red Rainbows,Mini / Black Nylon,0
Red Rainbows,Mini / Nude Nylon,0
Red Rainbows,Little / Nude Nylon,0
Red Rainbows,Mini / Clip,0
Red Rainbows,Big / Black Nylon,0
Red Rainbows,Big / Nude Nylon,0
Red Tie-Dye,Mini / Clip,0
Red Tie-Dye,Little / Clip,0
Red Tie-Dye,Big / Nude Nylon,0
Red Tie-Dye,Little / Black Nylon,0
Red Tie-Dye,Little / Nude Nylon,0
Red Tie-Dye,Big / Black Nylon,0
Red Tie-Dye,Mini / Nude Nylon,0
Red Tie-Dye,Big / Clip,0
Red/Blue Fall Flannel,Big Bow,1
Red/Blue Fall Flannel,Little Bow,1
Red/Blue Plaid,Big,0
Red/Blue Plaid,Little,0
RedPleather,Little Bow,1
RedPleather,Headwrap,1
RedPleather,Big Bow,2
Retro Rainbows,Little Bow,3
Retro Rainbows,Piggie Set (2 Mini Bows),2
Retro Rainbows,Big Bow,1
Rodeo MashUp,Little Bow,2
Rodeo MashUp,Piggie Set (2 Mini Bows),0
Rodeo MashUp,Big Bow,2
Rose Gold Leopard Brush Strokes,Big Bow,0
Rose Gold Leopard Brush Strokes,Little Bow,0
Rose Gold Splatter,Little,0
Rose Gold Splatter,Big,0
Rose Pink,Little Bow,1
Rose Pink,Big Bow,1
Rosegold Leopard,Little Bow,0
Rosegold Leopard,Piggie Set (2 Mini Bows),0
Rosegold Leopard,Big Bow,0
Rosegold Leopard,Headwrap,0
Rosewood,Little Bow,2
Royal Blue,Little Bow,2
Royal Blue,Big Bow,0
SAVE THE CHILDREN COLLECTION,SAVE THE CHILDREN RAINBOWS / Big Bow,0
SAVE THE CHILDREN COLLECTION,SIMPLE RAINBOWS / Big Bow,0
SAVE THE CHILDREN COLLECTION,SAVE THE CHILDREN RAINBOWS / Little Bow,1
SAVE THE CHILDREN COLLECTION,SIMPLE RAINBOWS / Little Bow,0
SAVE THE CHILDREN COLLECTION,SAVE THE CHILDREN RAINBOWS / Headwrap,0
SAVE THE CHILDREN COLLECTION,SAVE THE CHILDREN RAINBOWS / Piggie Set (2 Mini Bows),0
SERAPE TOPKNOT,Toddler,0
SH Stripes ,Little Bow,0
SHOOT,BIG BOW,0
SHOOT,LITTLE BOW,0
SLUGGER,Little Bow,0
SLUGGER,Big Bow,0
SNOWFLAKE BUFFALO PLAID,BIG BOW,0
SNOWFLAKE BUFFALO PLAID,LITTLE BOW,0
SOLIDS,Stone / Little,0
SOLIDS,Eggplant / Little,0
SOLIDS,Ivory / Big,0
SOLIDS,Ivory / Little,0
SOLIDS,Eggplant / Big,0
SOLIDS,Mauve / Little,0
SOLIDS,Navy / Big,0
SOLIDS,New Mustard / Big,0
SOLIDS,Mauve / Big,0
SOLIDS,Navy / Little,0
SOLIDS ,Marsala / Big,0
SOLIDS ,Mauve / Piggie Set (2 Mini Bows),0
SOLIDS ,Mustard / Little,0
SOLIDS ,Burgundy / Piggie Set (2 Mini Bows),0
SOLIDS ,Marsala / Little,0
SOLIDS ,Salmon / Little,0
SOLIDS ,Rust red / Little,0
SOLIDS ,Lime/Apple / Little,0
SOLIDS ,Taupe / Big,0
SOLIDS ,Taupe / Little,0
SOLIDS ,Burgundy / Big,0
SOLIDS ,Sage / Little,0
SOLIDS ,Mauve / Little,0
SOLIDS ,Mustard / Big,0
SOLIDS ,Dusty Pink / Big,0
SOLIDS ,Rust red / Big,0
SOLIDS ,Dusty Pink / Little,0
SOLIDS ,Salmon / Big,0
SOLIDS ,Burgundy / Little,0
SOLIDS ,Sage / Big,0
SOLIDS ,Olive / Little,0
SOLIDS ,Mauve / Big,0
SOLIDS ,Gray / Little,0
SOLIDS ,Sage / Piggie Set (2 Mini Bows),0
SOLIDS ,Olive / Big,0
SOLIDS ,Mustard / Piggie Set (2 Mini Bows),0
SPARKLE BRUSH STROKES,LITTLE BOW,0
SPARKLE BRUSH STROKES,PIGGIE SET (2 MINI BOWS),0
SPARKLE BRUSH STROKES,BIG BOW,0
SURPRISE Floral ,Little Bow / Black Nylon,0
SURPRISE Floral ,Little Bow / Nude Nylon,0
SURPRISE Floral ,Big Bow / Clip,0
SW BLACK,PIGGIE SET (2 MINI BOWS),0
SW BLACK,BIG BOW,0
SW BLACK,LITTLE BOW,0
SW WHITE,PIGGIE SET (2 MINI BOWS),0
SW WHITE,BIG BOW,0
SW WHITE,LITTLE BOW,0
Safari print,Piggie Set (2 Mini Bows),0
Safari print,Big Bow,2
Safari print,Little Bow,1
Sage Green,Little Bow,4
Sage Green,Big Bow,2
Sage Stripes & Retro Stripes ,Sage Stripes (TOP BOW) / Big Bow,0
Sage Stripes & Retro Stripes ,Retro Stripes (BOTTOM BOW) / Big Bow,0
Sage Stripes & Retro Stripes ,Retro Stripes (BOTTOM BOW) / Little Bow,0
Sage Stripes & Retro Stripes ,Sage Stripes (TOP BOW) / Piggie Set (2 Mini Bows),0
Sage Stripes & Retro Stripes ,Sage Stripes (TOP BOW) / Little Bow,0
Santa Stripes ,Big Bow,2
Santa’s Raindeer ,Piggie Set (2 Mini Bows),1
Santa’s Raindeer ,Big Bow,2
Sasshole,Big / Nude Nylon,0
Sasshole,Big / Black Nylon,0
Sasshole,Mini / Clip,0
Sasshole,Big / Clip,0
Sasshole,Little / Nude Nylon,0
Sasshole,Little / Clip,0
Sea Shells,Little Bow / Clip,0
Sea Shells,Little Bow / Black Nylon,0
Seafoam Green Plaid,Big Bow,0
Seafoam Green Plaid,Little Bow,0
Secret Garden,Little,0
Secret Garden,Big,0
Shamrock,Headwrap,1
Shamrock,Little Bow,1
Sheer Lace Big Bow,Sheer Black Lace / Harvest Orange,0
Sheer Lace Big Bow,Sheer Ivory Lace / Navy,0
Sheer Lace Big Bow,Sheer Ivory Lace / Burgundy,0
Sheer Lace Big Bow,Sheer Ivory Lace / Teal,0
Sheer Lace Big Bow,Sheer Navy Lace / Pale Pink,0
Sheer Lace Big Bow,Sheer Ivory Lace / Light Olive,0
Sheer Lace Big Bow,Sheer Black Lace / White,0
Sheer Lace Big Bow,Sheer Ivory Lace / Rust,0
Sheer Lace Big Bow,Sheer Ivory Lace / Dusty Blue,0
Sheer Lace Big Bow,Sheer Navy Lace / Mustard,0
Sheer Lace Big Bow,Sheer Black Lace / Stone,0
Sheer Lace Big Bow,Sheer Ivory Lace / Eggplant,0
Sheer Lace Big Bow,Sheer Black Lace / Light Olive,0
Sheer Lace Big Bow,Sheer Ivory Lace / Black,0
Sheer Lace Big Bow,Sheer Black Lace / Leopard,0
Sheer Lace Big Bow,Sheer Ivory Lace / Stone,0
Sheer Lace Big Bow,Sheer Ivory Lace / Dark Olive,0
Sheer Lace Big Bow,Sheer Navy Lace / Mauve,0
Sheer Lace Big Bow,Sheer Ivory Lace / Mustard,0
Sheer Lace Big Bow,Sheer Ivory Lace / Harvest Orange,0
Sheer Lace Big Bow,Sheer Ivory Lace / Pale Pink,0
Sheer Lace Big Bow,Sheer Ivory Lace / Brown,0
Sheer Lace Big Bow,Sheer Ivory Lace / Leopard,0
Sheer Lace Big Bow,Sheer Navy Lace / White,0
Sheer Lace Big Bow,Sheer Ivory Lace / Mauve,0
Sheer Lace Little Bow,Sheer Black Lace / Harvest Orange,0
Sheer Lace Little Bow,Sheer Ivory Lace / Harvest Orange,0
Sheer Lace Little Bow,Sheer Ivory Lace / Black,0
Sheer Lace Little Bow,Sheer Ivory Lace / Burgundy,0
Sheer Lace Little Bow,Sheer Navy Lace / Harvest Orange,0
Sheer Lace Little Bow,Sheer Ivory Lace / Pale Pink,0
Sheer Lace Little Bow,Sheer Navy Lace / White,0
Sheer Lace Little Bow,Sheer Black Lace / Leopard,0
Sheer Lace Little Bow,Sheer Ivory Lace / Sage Green,0
Sheer Lace Little Bow,Sheer Black Lace / Stone,0
Sheer Lace Little Bow,Sheer Navy Lace / Mauve,0
Sheer Lace Little Bow,Sheer Navy Lace / Mustard,0
Sheer Lace Little Bow,Sheer Black Lace / White,0
Sheer Lace Little Bow,Sheer Navy Lace / Pale Pink,0
Sheer Lace Little Bow,Sheer Ivory Lace / Olive,0
Sheer Lace Little Bow,Sheer Black Lace / Pale Pink,0
Sheer Lace Little Bow,Sheer Ivory Lace / Leopard,0
Sheer Lace Little Bow,Sheer Ivory Lace / Mauve,0
Sheer Lace Little Bow,Sheer Ivory Lace / Mustard,0
Sheer Lace Little Bow,Sheer Navy Lace / Stone,0
Sheer Lace Little Bow,Sheer Black Lace / Teal,0
Sheer Lace Little Bow,Sheer Navy Lace / Leopard,0
Sheer Lace Little Bow,Sheer Black Lace / Burgundy,0
Sheer Lace Little Bow,Sheer Ivory Lace / Brown,0
Sheer Lace Little Bow,Sheer Navy Lace / Navy,0
Sheer Lace Little Bow,Sheer Ivory Lace / Dusty Blue,0
Silver Pleather,Mini Bow,1
Silver Pleather,Big Bow,1
Silver Pleather,Piggie Set (2 mini Bows),2
Skull Blossom,Big,0
Skull Blossom,Little,0
Skull Splatter,Big Bow,0
Smokey Roses,Big / Black Nylon,0
Smokey Roses,Little / Nude Nylon,0
Smokey Roses,Little / Clip,0
Smokey Roses,Big / Nude Nylon,0
Smokey Roses,Big / Clip,0
Snake Skin Aztec,Big Bow,2
Snake Skin Aztec,Little Bow,0
Snake Skin Topknot ,Baby,0
Snake Skin Topknot ,Kid,0
Snake Skin Topknot ,Toddler,0
Snow Leopard,Little / Black Nylon,0
Snow Leopard,Little / Nude Nylon,0
Snow Leopard,Big / Clip,0
Snow Leopard,Big / Nude Nylon,0
Snow Leopard,Mini / Clip,0
Snow Leopard,Mini / Nude Nylon,0
Snow Leopard,Big / Black Nylon,0
Snow Leopard,Little / Clip,0
Snow Leopard,Mini / Black Nylon,0
Soccer Balls,Big Bow,3
Soccer Balls,Little Bow,4
Soft Magnolias,Kid/Adult,0
Solids,Paprika / Big,0
Solids,Honey Mustard / Big,0
Solids,Fall Blue / Little,0
Solids,Mustard / Little,0
Solids,Fog / Big,0
Solids,Mustard / Big,0
Solids,Cinnamon / Big,0
Solids,Spice / Little,0
Solids,Teal / Little,0
Solids,Paprika / Little,0
Solids,Nude / Big,0
Solids,Pumpkin / Big,0
Solids,Burgundy / Little,0
Solids,Burgundy / Big,0
Solids,Fall Blue / Big,0
Solids,Pumpkin / Little,0
Solids,Nude / Little,0
Solids,Honey Mustard / Little,0
Solids,White / Big,0
Solids,Spice / Big,0
Solids,White / Little,0
Solids,Cinnamon / Little,0
Solids,Fog / Little,0
Solids,Teal / Big,0
Sparkle Floral ,Little Bow,0
Sparkle Floral ,Piggie Set (2 Mini Bows),1
Sparkly Pumpkins & Bats,Little,0
Sparkly Pumpkins & Bats,Big,0
Spell,Big,0
Spell,Little,0
Spider Stripes,Big,0
Spider Stripes,Little,0
Spooky Nightmare,Little,0
Spooky Nightmare,Big,0
Spooky Spiders,Little,0
Spooky Spiders,Big,0
Starburst Tie Dye,Big,0
Starburst Tie Dye,Little,0
Steeler Logo,Mini Bow,0
Steeler Logo,Piggie Set (2 Mini Bows),0
Steeler Nation,Big Bow,0
Steeler Nation,Little Bow,0
Subtle Floral,Big,0
Subtle Floral,Little,0
Sugar Skull,Little,0
Sugar Skull,Big,0
Sunflower Peace Signs ,Big,0
Sunflower Peace Signs ,Little,0
Sunflower Plaid ,Little,0
Sunflower Plaid ,Big,0
Sunflower Pumpkin,Little,0
Sunflower Pumpkin,Big,0
Sunset Leopard Serape,Big Bow / Nude Nylon,0
Sunset Leopard Serape,Big Bow / Clip,0
TEAL LEOPARD STRIPES,LITTLE BOW,0
TEAL LEOPARD STRIPES,BIG BOW,0
TOPKNOT PRINTS,Fawn,0
TOPKNOT PRINTS,Deer Floral,0
TOPKNOT PRINTS,Giraffe,0
TOPKNOT PRINTS,Cheetah,0
TOPKNOT PRINTS,Dragonfly,0
TOPKNOT PRINTS,Pink Feathers,0
TOPKNOT PRINTS,Pink Tie-Dye,0
TOPKNOT PRINTS,Yellow Paisley,0
TOPKNOT PRINTS,Butterfly Floral,0
TOPKNOT PRINTS,Orange Tie-Dye,0
TOPKNOT PRINTS,WildFlower,0
Tacos,Big Bow,1
Tacos,Little Bow,1
Tacos,Mini Bow,1
Tan Camouflage,Little Bow,2
Tan Plaid,Little Bow,0
Tan Plaid,Piggie Set (2 Mini Bows),0
Teal,Piggie Set (2 Mini Bows),0
Teal,Big Bow,1
Teal,Little Bow,2
Teal & Gold Leopard,Headwrap,0
Teal & Gold Leopard,Big Bow,0
Teal & Gold Leopard,Piggie Set (2 Mini Bows),0
Teal & Gold Leopard,Little Bow,0
Teal Blue Plaid,Little Bow,0
Teal Blue Plaid,Big Bow,0
Texan Stripes,Little,0
Texan Stripes,Big,0
"Thankful, Greatful, Blessed",Little Bow,0
"Thankful, Greatful, Blessed",Piggie Set (2 Mini Bows),0
Thanksgiving Doodle Floral,Piggie Set (2 Mini Bows),0
Thanksgiving Doodle Floral,Big Bow,0
Thanksgiving Floral,Big,0
Thanksgiving Floral,Little,0
Thanksgiving Plaid 1,Mini Bow,0
Thanksgiving Plaid 1,Piggie Set (2 Mini Bows),0
Thanksgiving Plaid 1,Big Bow,0
Thanksgiving Plaid 1,Headwrap,0
Thanksgiving Plaid 1,Little Bow,0
Thanksgiving Plaid 2,Piggie Set (2 Mini Bows),0
Thanksgiving Plaid 2,Little Bow,0
Thanksgiving Prints ,Thanksgiving Feast / Big Bow,0
Thanksgiving Prints ,Thanksgiving Feast / Little Bow,2
Thanksgiving Prints ,Turkey’s & Pumpkin’s / Piggie Set,1
Thanksgiving Prints ,Thanksgiving Feast / Piggie Set,1
Thanksgiving Prints ,Turkey’s & Pumpkin’s / Little Bow,0
Thanksgiving Prints ,Turkey’s & Pumpkin’s / Big Bow,0
There is a Snake in my Boot,Big / Nude Nylon,0
There is a Snake in my Boot,Little / Nude Nylon,0
There is a Snake in my Boot,Little / Black Nylon,0
There is a Snake in my Boot,Big / Black Nylon,0
There is a Snake in my Boot,Little / Clip,0
There is a Snake in my Boot,Big / Clip,0
Thicker Lace Big Bow,Mauve Lace / White,0
Thicker Lace Big Bow,Thick White Lace / Leopard,0
Thicker Lace Big Bow,Thick White Lace / Mustard,0
Thicker Lace Big Bow,Thick White Lace / Navy,0
Thicker Lace Big Bow,Thick White Lace / Brown,0
Thicker Lace Big Bow,Thick White Lace / Black,0
Thicker Lace Big Bow,Burgundy Lace / Leopard,0
Thicker Lace Big Bow,Thick White Lace / Emerald Green,0
Thicker Lace Big Bow,Thick White Lace / Dark Olive,0
Thicker Lace Little Bow,Mauve Lace / Leopard,0
Thicker Lace Little Bow,Mauve Lace / Mustard,0
Thicker Lace Little Bow,Thicker White Lace / Burgundy,0
Thicker Lace Little Bow,Mauve Lace / Harvest Orange,0
Thicker Lace Little Bow,Mauve Lace / Black,0
Thicker Lace Little Bow,Mauve Lace / Brown,0
Thicker Lace Little Bow,Burgundy Lace / Brown,0
Thicker Lace Little Bow,Mauve Lace / Teal,0
Thicker Lace Little Bow,Thicker White Lace / Sage Green,0
Thicker Lace Little Bow,Thicker White Lace / White,0
Thicker Lace Little Bow,Thicker White Lace / Eggplant,0
Thicker Lace Little Bow,Thicker White Lace / Black,0
Thicker Lace Little Bow,Burgundy Lace / Leopard,0
Thicker Lace Little Bow,Thicker White Lace / Leopard,0
Thicker Lace Little Bow,Thicker White Lace / Pale Pink,0
Thicker Lace Little Bow,Thicker White Lace / Emerald Green,0
Thicker Lace Little Bow,Burgundy Lace / Burgundy,0
Thicker Lace Little Bow,Burgundy Lace / Dark Olive,0
Thin Stripes,Mint Stripes (RIGHT PRINT) / Big Bow,0
Thin Stripes,Mint Stripes (RIGHT PRINT) / Piggie Set (2 Mini Bows),0
Thin Stripes,Moody Stripes (MIDDLE PRINT) / Little Bow,0
Thin Stripes,Blueberry Sherbet Stripes (LEFT PRINT) / Big Bow,0
Thin Stripes,Mint Stripes (RIGHT PRINT) / Little Bow,0
Thin Stripes,Moody Stripes (MIDDLE PRINT) / Piggie Set (2 Mini Bows),0
Thin Stripes,Moody Stripes (MIDDLE PRINT) / Big Bow,0
Thin Stripes,Blueberry Sherbet Stripes (LEFT PRINT) / Little Bow,0
Thin Stripes,Blueberry Sherbet Stripes (LEFT PRINT) / Piggie Set (2 Mini Bows),0
Tiger Print,Big,0
Tiger Print,Little,0
Topknot Mystery Grab Bag,Baby,0
Topknot Mystery Grab Bag,Kid,0
Topknot Mystery Grab Bag,Toddler,1
Tractor ,Big / Clip,0
Tractor ,Big / Nude Nylon,0
Tractor ,Little / Nude Nylon,0
Tractor ,Little / Black Nylon,0
Tractor ,Little / Clip,0
Tractor ,Big / Black Nylon,0
Tribal TOPKNOT,Baby,1
Tribal TOPKNOT,Toddler,1
Tropical Brush Strokes,Little Bow,0
Tropical Brush Strokes,Big Bow,0
Turquoise Stone,Big,0
Turquoise Stone,Little,0
Turtles,Big bow / Clip,0
Turtles,Little bow / Black nylon,0
Turtles,Little bow / Clip,0
Turtles,Big bow / Nude nylon,0
VELVET COLLECTION 1-16,15.) LIME / TOPKNOT,0
VELVET COLLECTION 1-16,9.) CINNAMON / TOPKNOT,0
VELVET COLLECTION 1-16,1.) WHITE / TOPKNOT,0
VELVET COLLECTION 1-16,14.) NAVY BLUE / PIGGIE SET,0
VELVET COLLECTION 1-16,14.) NAVY BLUE / LITTLE BOW,0
VELVET COLLECTION 1-16,9.) CINNAMON / LITTLE BOW,0
VELVET COLLECTION 1-16,2.) FUCHSIA / PIGGIE SET,0
VELVET COLLECTION 1-16,8.) OCEAN BLUE / BIG BOW,0
VELVET COLLECTION 1-16,13.) ORANGE / BIG BOW,0
VELVET COLLECTION 1-16,11.) RED / TOPKNOT,0
VELVET COLLECTION 1-16,3.) RUST / HEADWRAP,0
VELVET COLLECTION 1-16,4.) LILAC / TOPKNOT,0
VELVET COLLECTION 1-16,4.) LILAC / HEADWRAP,0
VELVET COLLECTION 1-16,7.) BLUSH / TOPKNOT,0
VELVET COLLECTION 1-16,12.) BLACK / LITTLE BOW,0
VELVET COLLECTION 1-16,2.) FUCHSIA / TOPKNOT,0
VELVET COLLECTION 1-16,13.) ORANGE / MINI BOW,0
VELVET COLLECTION 1-16,16.) JEWEL PURPLE / LITTLE BOW,0
VELVET COLLECTION 1-16,12.) BLACK / PIGGIE SET,0
VELVET COLLECTION 1-16,9.) CINNAMON / PIGGIE SET,0
VELVET COLLECTION 1-16,16.) JEWEL PURPLE / TOPKNOT,0
VELVET COLLECTION 1-16,7.) BLUSH / LITTLE BOW,0
VELVET COLLECTION 1-16,10.) MAUVE / HEADWRAP,0
VELVET COLLECTION 1-16,15.) LIME / BIG BOW,0
VELVET COLLECTION 1-16,9.) CINNAMON / BIG BOW,0
VELVET COLLECTION 1-16,6.) FLAG GREEN / PIGGIE SET,0
VELVET COLLECTION 1-16,8.) OCEAN BLUE / TOPKNOT,0
VELVET COLLECTION 1-16,1.) WHITE / BIG BOW,0
VELVET COLLECTION 1-16,2.) FUCHSIA / MINI BOW,0
VELVET COLLECTION 1-16,11.) RED / PIGGIE SET,0
VELVET COLLECTION 1-16,14.) NAVY BLUE / TOPKNOT,0
VELVET COLLECTION 1-16,1.) WHITE / PIGGIE SET,0
VELVET COLLECTION 1-16,9.) CINNAMON / HEADWRAP,0
VELVET COLLECTION 1-16,8.) OCEAN BLUE / LITTLE BOW,0
VELVET COLLECTION 1-16,12.) BLACK / TOPKNOT,0
VELVET COLLECTION 1-16,3.) RUST / PIGGIE SET,0
VELVET COLLECTION 1-16,3.) RUST / BIG BOW,0
VELVET COLLECTION 1-16,2.) FUCHSIA / HEADWRAP,0
VELVET COLLECTION 1-16,12.) BLACK / MINI BOW,0
VELVET COLLECTION 1-16,16.) JEWEL PURPLE / BIG BOW,0
VELVET COLLECTION 1-16,16.) JEWEL PURPLE / PIGGIE SET,0
VELVET COLLECTION 1-16,10.) MAUVE / TOPKNOT,0
VELVET COLLECTION 1-16,2.) FUCHSIA / BIG BOW,0
VELVET COLLECTION 1-16,14.) NAVY BLUE / BIG BOW,0
VELVET COLLECTION 1-16,4.) LILAC / BIG BOW,0
VELVET COLLECTION 1-16,12.) BLACK / HEADWRAP,0
VELVET COLLECTION 1-16,1.) WHITE / LITTLE BOW,0
VELVET COLLECTION 1-16,6.) FLAG GREEN / BIG BOW,0
VELVET COLLECTION 1-16,13.) ORANGE / TOPKNOT,0
VELVET COLLECTION 1-16,8.) OCEAN BLUE / PIGGIE SET,0
VELVET COLLECTION 1-16,1.) WHITE / HEADWRAP,0
VELVET COLLECTION 1-16,7.) BLUSH / PIGGIE SET,0
VELVET COLLECTION 1-16,12.) BLACK / BIG BOW,0
VELVET COLLECTION 17-32,22.) ROYAL BLUE / TOPKNOT,0
VELVET COLLECTION 17-32,23.)TAUPE / LITTLE BOW,0
VELVET COLLECTION 17-32,19.) SILVER / MINI BOW,0
VELVET COLLECTION 17-32,23.)TAUPE / TOPKNOT,0
VELVET COLLECTION 17-32,25.) PLUM / HEADWRAP,0
VELVET COLLECTION 17-32,30.) OLIVE / LITTLE BOW,0
VELVET COLLECTION 17-32,25.) PLUM / LITTLE BOW,0
VELVET COLLECTION 17-32,17.) TURQUOISE / TOPKNOT,0
VELVET COLLECTION 17-32,29.)YELLOW / BIG BOW,0
VELVET COLLECTION 17-32,19.) SILVER / TOPKNOT,0
VELVET COLLECTION 17-32,24.) CORAL / PIGGIE SET,0
VELVET COLLECTION 17-32,29.)YELLOW / TOPKNOT,0
VELVET COLLECTION 17-32,30.) OLIVE / TOPKNOT,0
VELVET COLLECTION 17-32,26.)CHAMPAGNE / MINI BOW,0
VELVET COLLECTION 17-32,20.) GOLD / HEADWRAP,0
VELVET COLLECTION 17-32,20.) GOLD / MINI BOW,0
VELVET COLLECTION 17-32,18.) CRANBERRY / BIG BOW,0
VELVET COLLECTION 17-32,24.) CORAL / LITTLE BOW,0
VELVET COLLECTION 17-32,26.)CHAMPAGNE / LITTLE BOW,0
VELVET COLLECTION 17-32,31.)WINE / PIGGIE SET,0
VELVET COLLECTION 17-32,28.) BABY BLUE / LITTLE BOW,0
VELVET COLLECTION 17-32,29.)YELLOW / PIGGIE SET,0
VELVET COLLECTION 17-32,32.) BRIGHT RED / LITTLE BOW,0
VELVET COLLECTION 17-32,27.)EGGPLANT / HEADWRAP,0
VELVET COLLECTION 17-32,27.)EGGPLANT / TOPKNOT,0
VELVET COLLECTION 17-32,30.) OLIVE / HEADWRAP,0
VELVET COLLECTION 17-32,20.) GOLD / PIGGIE SET,0
VELVET COLLECTION 17-32,26.)CHAMPAGNE / PIGGIE SET,0
VELVET COLLECTION 17-32,21.) PINK / TOPKNOT,0
VELVET COLLECTION 17-32,24.) CORAL / BIG BOW,0
VELVET COLLECTION 17-32,32.) BRIGHT RED / MINI BOW,0
VELVET COLLECTION 17-32,22.) ROYAL BLUE / PIGGIE SET,0
VELVET COLLECTION 17-32,32.) BRIGHT RED / BIG BOW,0
VELVET COLLECTION 17-32,30.) OLIVE / BIG BOW,0
VELVET COLLECTION 17-32,31.)WINE / HEADWRAP,0
VELVET COLLECTION 17-32,17.) TURQUOISE / BIG BOW,0
VELVET COLLECTION 17-32,26.)CHAMPAGNE / HEADWRAP,0
VELVET COLLECTION 17-32,32.) BRIGHT RED / HEADWRAP,0
VELVET COLLECTION 17-32,23.)TAUPE / HEADWRAP,0
VELVET COLLECTION 17-32,18.) CRANBERRY / LITTLE BOW,0
VELVET COLLECTION 17-32,18.) CRANBERRY / TOPKNOT,0
VELVET COLLECTION 17-32,28.) BABY BLUE / TOPKNOT,0
VELVET COLLECTION 17-32,18.) CRANBERRY / HEADWRAP,0
VELVET COLLECTION 17-32,31.)WINE / TOPKNOT,0
VELVET COLLECTION 17-32,32.) BRIGHT RED / TOPKNOT,0
VELVET COLLECTION 17-32,31.)WINE / MINI BOW,0
VELVET COLLECTION 17-32,19.) SILVER / PIGGIE SET,0
VELVET COLLECTION 17-32,20.) GOLD / LITTLE BOW,0
VELVET COLLECTION 17-32,25.) PLUM / TOPKNOT,0
VELVET COLLECTION 17-32,21.) PINK / PIGGIE SET,0
VELVET COLLECTION 17-32,26.)CHAMPAGNE / TOPKNOT,0
VELVET COLLECTION 17-32,30.) OLIVE / MINI BOW,0
VELVET COLLECTION 17-32,31.)WINE / LITTLE BOW,0
VELVET COLLECTION 32-42,41.) LEOPARD / HEADWRAP,0
VELVET COLLECTION 32-42,36.) EMERALD / HEADWRAP,0
VELVET COLLECTION 32-42,40.) MINT / HEADWRAP,0
VELVET COLLECTION 32-42,35.) PURPLE / PIGGIE SET,0
VELVET COLLECTION 32-42,42.) SWIRL / TOPKNOT,0
VELVET COLLECTION 32-42,33.) HOT PINK / BIG BOW,0
VELVET COLLECTION 32-42,42.) SWIRL / LITTLE BOW,0
VELVET COLLECTION 32-42,38.) CHARCOAL / BIG BOW,0
VELVET COLLECTION 32-42,35.) PURPLE / TOPKNOT,0
VELVET COLLECTION 32-42,39.) JADE / BIG BOW,0
VELVET COLLECTION 32-42,41.) LEOPARD / MINI BOW,0
VELVET COLLECTION 32-42,38.) CHARCOAL / LITTLE BOW,0
VELVET COLLECTION 32-42,42.) SWIRL / PIGGIE SET,0
VELVET COLLECTION 32-42,37.) LIGHT MAUVE / MINI BOW,0
VELVET COLLECTION 32-42,42.) SWIRL / BIG BOW,0
VELVET COLLECTION 32-42,39.) JADE / LITTLE BOW,0
VELVET COLLECTION 32-42,38.) CHARCOAL / MINI BOW,0
VELVET COLLECTION 32-42,37.) LIGHT MAUVE / LITTLE BOW,0
VELVET COLLECTION 32-42,33.) HOT PINK / TOPKNOT,0
VELVET COLLECTION 32-42,38.) CHARCOAL / HEADWRAP,0
VELVET COLLECTION 32-42,37.) LIGHT MAUVE / BIG BOW,0
VELVET COLLECTION 32-42,34.) TEAL / TOPKNOT,0
VELVET COLLECTION 32-42,34.) TEAL / LITTLE BOW,0
VELVET COLLECTION 32-42,37.) LIGHT MAUVE / TOPKNOT,0
VELVET COLLECTION 32-42,33.) HOT PINK / PIGGIE SET,0
VELVET COLLECTION 32-42,39.) JADE / PIGGIE SET,0
VELVET COLLECTION 32-42,41.) LEOPARD / LITTLE BOW,0
VELVET COLLECTION 32-42,41.) LEOPARD / BIG BOW,0
VELVET COLLECTION 32-42,41.) LEOPARD / TOPKNOT,0
VELVET COLLECTION 32-42,35.) PURPLE / BIG BOW,0
VELVET COLLECTION 32-42,41.) LEOPARD / PIGGIE SET,0
VINTAGE CHRISTMAS,LITTLE BOW,0
VINTAGE CHRISTMAS RAINBOWS,LITTLE BOW,0
VINTAGE CHRISTMAS RAINBOWS,PIGGIE SET (2 MINI BOWS),0
VINTAGE CHRISTMAS RAINBOWS,BIG BOW,0
VINTAGE CHRISTMAS STRIPES,PIGGIE SET (2 MINI BOWS),0
VINTAGE CHRISTMAS STRIPES,BIG BOW,0
VINTAGE DEER,LITTLE BOW,0
VINTAGE DEER,BIG BOW,0
VINTAGE MISTLETOE,BIG BOW,0
VINTAGE MISTLETOE,LITTLE BOW,0
VINTAGE WRAPPING PAPER,BIG BOW,0
VINTAGE WRAPPING PAPER,LITTLE BOW,0
VINTAGE WRAPPING PAPER,PIGGIE SET (2 MINI BOWS),0
Venti Floral,Mini Bow / Clip,0
Venti Floral,Big Bow / Clip,0
Venti Floral,Big Bow / Nude Nylon,0
Venti Floral,Big Bow / Black Nylon,0
Venti Floral,Little Bow / Nude Nylon,0
Venti Floral,Little Bow / Clip,0
Venti Floral,Little Bow / Black Nylon,0
Venti Floral ,Little Bow,0
Venti Floral ,Piggie Set (2 Mini Bows),0
Venti Floral ,Big Bow,0
Vibrant Floral,Little,0
Vibrant Floral,Mini,0
Vibrant Floral,Big,0
Vintage Chickens,Big Bow,2
Vintage Chickens,Headwrap,4
Vintage Chickens,Little Bow,1
WESTERN BOOTS,LITTLE BOW,0
WESTERN BOOTS,BIG BOW,0
WESTERN PRINT,Big Bow,0
WESTERN PRINT,Little Bow,0
WESTERN PRINT,Headwrap,0
WESTERN PRINT,Piggie Set (2 Mini Bows),0
WHITE CHRISTMAS MOVIE ,BIG BOW,0
WHITE CHRISTMAS MOVIE ,LITTLE BOW,0
WILD LEOPARD,Baby,0
WINTER BRUSH STROKES,BIG BOW,0
WINTER BRUSH STROKES,PIGGIE SET (2 MINI BOWS),0
WINTER BRUSH STROKES,LITTLE BOW,0
WINTER FLORAL,BIG BOW,0
WINTER FLORAL,LITTLE BOW,0
WINTER FLORAL,PIGGIE SET (2 MINI BOWS),0
Watercolor Christmas Floral,Big Bow / Nude Nylon,0
Watercolor Christmas Floral,Big Bow / Clip,0
Watercolor Christmas Floral,Little Bow / Clip,0
Watercolor Christmas Floral,Little Bow / Nude Nylon,0
Watercolor Leopard,Little,0
Watercolor Leopard,Big,0
Watercolor Print,Little,0
Watercolor Print,Big,0
Watercolor floral TOPKNOT,Kid/Mommy,0
Watercolor floral TOPKNOT,Toddler,0
Watercolor floral TOPKNOT,Baby,1
Watermelon Plaid,Big Bow,0
Watermelon Plaid,Little Bow,0
"Well, Momma Tried ADULT",Medium,0
"Well, Momma Tried TODDLER/KID",Default Title,0
Western Leopard Stripes,Little Bow,0
Western Leopard Stripes,Big Bow,0
Western Leopard Stripes,Mini Bow,0
Western Print,Headwrap,5
Western Print,Big Bow,1
Western Print,Little Bow,2
Western Stripes,Little Bow,0
Western Stripes,Headwrap,0
White,Little Bow,3
White,Piggie Set (2 Mini Bows),1
White,Big Bow,2
White,Headwrap,1
White Aztec,Big Bow,0
White Broncos ,Little Bow,0
White Broncos ,Big Bow,0
White Leopard,Big Bow,1
White Leopard,Headwrap,3
White Neon Leopard,Little / Clip,0
White Neon Leopard,Mini / Black Nylon,0
White Neon Leopard,Big / Nude Nylon,0
White Pleather,Little Bow,1
White Pleather,Headwrap,1
White Pleather,Piggie Set (2 mini Bows),1
White Pleather,Big Bow,1
White Watercolor Floral,Little / Nude Nylon,0
White Watercolor Floral,Mini / Black Nylon,0
White Watercolor Floral,Little / Clip,0
White Watercolor Floral,Big / Nude Nylon,0
White Watercolor Floral,Big / Black Nylon,0
White Watercolor Floral,Big / Clip,0
White Watercolor Floral,Mini / Nude Nylon,0
Wild Floral,Little,0
Wild Floral,Big,0
Wild Flower,Little,0
Wild Flower,Big,0
Wild Leopard Brush Strokes,Big Bow,0
Wild Leopard Brush Strokes,Little Bow,0
Wish,Big,0
Wish,Mini,0
Wish,Little,0
Witchy ,Big,0
Witchy ,Little,0
Y'ALL Ain't Right TODDLER/KID,Default Title,0
Yellow Floral,Big,0
Yellow Floral,Little,0
Yellow Plaid,Little,0
Yellow Plaid,Big,0
Yellow Ribbons,Big Bow,3
Zoo Animals,Little / Nude Nylon,0
Zoo Animals,Big / Clip,0
Zoo Animals,Big / Black Nylon,0
Zoo Animals,Little / Black Nylon,0
Zoo Animals,Big / Nude Nylon,0
Zoo Animals,Little / Clip,0
“ You’re my person “,Big Bow,3
“ You’re my person “,Mini Bow,0
“ You’re my person “,Little Bow,0
“Baby it’s cold outside”,Mini Bow,1
“Baby it’s cold outside”,Big Bow,2
“Can’t Sit with Us/Squad”,Piggie Set ( 2 Mini Bows),0
“Can’t Sit with Us/Squad”,Little Bow,0
“Can’t sit with us” KID/TODDLER,White Shirt,0
“Can’t sit with us” KID/TODDLER,Grey Shirt,0
“LOVE” our troops,Little Bow,4
“LOVE” our troops,Big Bow,3
“Mahomies”,Big Bow,0
“Mahomies”,Headwrap,0
“Mahomies”,Topknot,0
“Mahomies”,Piggie Set (2 Mini Bows),0
“Mahomies”,Little Bow,0
“Mahomies”,Mini Bow,0
